Date,Index_name,Security Symbol,ff_mcap,Beta,Volatility
2016-03-31,Nifty 50,ACC,13003.1,0.8406073120113223,0.2381625766787625
2016-03-31,Nifty 50,INFY,243457.99,0.8183925775913595,0.2744749639157882
2016-03-31,Nifty 50,KOTAKBANK,69877.08,1.0945239204742434,0.2740232719363544
2016-03-31,Nifty 50,LT,99713.71,1.1931472318975571,0.28503750866437955
2016-03-31,Nifty 50,LUPIN,35321.94,0.7348664058639595,0.3442070962901298
2016-03-31,Nifty 50,M&M,55644.78,0.985872841983308,0.2862440362439362
2016-03-31,Nifty 50,MARUTI,49395.29,0.8562182094335079,0.26715905038720944
2016-03-31,Nifty 50,NTPC,31872.84,0.8627685983546431,0.2656682894057563
2016-03-31,Nifty 50,ONGC,38466.34,1.1651148687708377,0.34599474601664504
2016-03-31,Nifty 50,POWERGRID,30563.99,0.6033324892673467,0.22307054909198487
2016-03-31,Nifty 50,RELIANCE,172689.78,1.141515168849462,0.28418479892598997
2016-03-31,Nifty 50,INDUSINDBK,47185.87,1.0948137640862705,0.2625319498481689
2016-03-31,Nifty 50,SBIN,60316.78,1.4725769668240458,0.36622281073052226
2016-03-31,Nifty 50,TCS,134083.88,0.608712929858557,0.20142476819390243
2016-03-31,Nifty 50,TATAPOWER,11715.24,1.0862949742701509,0.30347698375439097
2016-03-31,Nifty 50,TATASTEEL,21424.33,1.61232333061571,0.4470579771171202
2016-03-31,Nifty 50,TECHM,29403.29,0.6488291813765688,0.31310904397340145
2016-03-31,Nifty 50,ULTRACEMCO,32784.07,1.0090483716406322,0.26893801106423415
2016-03-31,Nifty 50,VEDL,9855.98,2.1800209745221757,0.5924174861050909
2016-03-31,Nifty 50,WIPRO,36244.48,0.6015710346030001,0.21439785605238842
2016-03-31,Nifty 50,YESBANK,28335.18,1.543005374247832,0.37063348018122194
2016-03-31,Nifty 50,ZEEL,21183.8,1.1174873917692614,0.3086287222091782
2016-03-31,Nifty 50,SUNPHARMA,88805.98,0.9188150781787867,0.3619892048411854
2016-03-31,Nifty 50,IDEA,12299.74,0.6276633744717436,0.3398009365304572
2016-03-31,Nifty 50,PNB,6320.03,1.4691454445710581,0.40759007589947566
2016-03-31,Nifty 50,ITC,184699.08,0.8282742342781222,0.25936166178974634
2016-03-31,Nifty 50,ICICIBANK,137565.96,1.487216948288672,0.34447177230281173
2016-03-31,Nifty 50,AMBUJACEM,18044.69,1.0105983173385569,0.2765412215539796
2016-03-31,Nifty 50,ASIANPAINT,39149.47,0.8568945882081404,0.2743021280311009
2016-03-31,Nifty 50,AXISBANK,74011.69,1.4142827307101484,0.3452997929665073
2016-03-31,Nifty 50,BAJAJ-AUTO,33417.72,0.9028813940536445,0.2872932929360534
2016-03-31,Nifty 50,BANKBARODA,13887.17,1.589752188303314,0.5065714340918499
2016-03-31,Nifty 50,BHEL,10310.39,1.2638079235658504,0.3954308844509702
2016-03-31,Nifty 50,BPCL,23539.86,0.8506049298725705,0.32088920545399113
2016-03-31,Nifty 50,BHARTIARTL,47677.79,0.6414617238684135,0.26964922411702025
2016-03-31,Nifty 50,BOSCHLTD,18925.7,0.9855391103047492,0.30343706114549596
2016-03-31,Nifty 50,ADANIPORTS,22570.89,1.3572430947300675,0.38348983144605997
2016-03-31,Nifty 50,COALINDIA,36881.25,0.8668485055932528,0.30523077406406895
2016-03-31,Nifty 50,CIPLA,25911.11,0.9672656640642909,0.2813441949164356
2016-03-31,Nifty 50,HINDUNILVR,62089.03,0.580706634129426,0.23474596693803415
2016-03-31,Nifty 50,HINDALCO,11260.16,1.621571610141459,0.4402914423223111
2016-03-31,Nifty 50,HEROMOTOCO,37057.83,0.8656082130775151,0.26030616219411096
2016-03-31,Nifty 50,HDFCBANK,211054.32,0.8025237401423416,0.17451190569422717
2016-03-31,Nifty 50,GRASIM,24755.91,0.7451671807745722,0.19335550624745232
2016-03-31,Nifty 50,GAIL,16727.16,1.1786126463446556,0.3556056413235837
2016-03-31,Nifty 50,DRREDDY,38319.3,0.7851931472379854,0.3328544774588391
2016-03-31,Nifty 50,HCLTECH,45910.23,0.8057122032910392,0.3022440530721894
2016-09-30,Nifty 50,ONGC,46111.1,1.1033422078171613,0.30261260865336104
2016-09-30,Nifty 50,INDUSINDBK,59208.07,0.9416947628815766,0.21363672948387902
2016-09-30,Nifty 50,INFY,207038.21,0.8866046835049266,0.24427739241148738
2016-09-30,Nifty 50,KOTAKBANK,89873.93,0.9179746952263057,0.21056493314739766
2016-09-30,Nifty 50,LT,117537.79,1.4293239143176855,0.30789396987997775
2016-09-30,Nifty 50,LUPIN,35524.34,0.7325198156732579,0.31282531308752815
2016-09-30,Nifty 50,M&M,65480.22,0.8806827134444478,0.2452907128880401
2016-09-30,Nifty 50,IDEA,9969.13,0.7667434371008632,0.3862803631666276
2016-09-30,Nifty 50,MARUTI,72801.66,1.0177691775203224,0.27249177553288073
2016-09-30,Nifty 50,NTPC,36609.86,0.8834007518659692,0.24783774348618148
2016-09-30,Nifty 50,POWERGRID,38792.76,0.7249307377192421,0.22072451554250155
2016-09-30,Nifty 50,SBIN,78015.91,1.6352006246053357,0.36676553644467474
2016-09-30,Nifty 50,SUNPHARMA,80437.33,0.7761684196314347,0.2626290920292372
2016-09-30,Nifty 50,TCS,129322.34,0.7171888918334646,0.21695214112250844
2016-09-30,Nifty 50,TATAPOWER,13663.25,0.9741825597836891,0.26355083735918466
2016-09-30,Nifty 50,TATASTEEL,25079.94,1.6083823864069529,0.4018921718848392
2016-09-30,Nifty 50,TECHM,26108.36,0.9003294368493981,0.2624328166900465
2016-09-30,Nifty 50,ULTRACEMCO,40167.09,0.9097511356301363,0.24127100925152073
2016-09-30,Nifty 50,WIPRO,30767.9,0.5482384557366815,0.1863018368122658
2016-09-30,Nifty 50,ICICIBANK,146689.94,1.6670890910043825,0.34232047269708077
2016-09-30,Nifty 50,RELIANCE,179233.65,0.9392634210461073,0.23279774141762932
2016-09-30,Nifty 50,ITC,204261.78,0.9870243583405396,0.2650595311359453
2016-09-30,Nifty 50,ACC,15021.57,0.8362942587882995,0.21495753839731277
2016-09-30,Nifty 50,HINDUNILVR,61981.94,0.60568241701457,0.21006538291523416
2016-09-30,Nifty 50,YESBANK,41223.03,1.2989668577438236,0.3112870878941122
2016-09-30,Nifty 50,ADANIPORTS,22863.83,1.39169449772271,0.3933786860479909
2016-09-30,Nifty 50,AMBUJACEM,19495.56,0.889117247682058,0.234685984452144
2016-09-30,Nifty 50,ASIANPAINT,52327.02,0.666595595827067,0.2291573640696789
2016-09-30,Nifty 50,AUROPHARMA,23026.83,1.0931892051437813,0.34015103932069624
2016-09-30,Nifty 50,AXISBANK,90494.09,1.216025200390408,0.30985114291803795
2016-09-30,Nifty 50,BAJAJ-AUTO,38456.07,0.9073228635983923,0.23522094279325031
2016-09-30,Nifty 50,BANKBARODA,15814.37,1.6050238148100335,0.4430892324278502
2016-09-30,Nifty 50,BHEL,12198.59,1.5224982848221773,0.4262316587890869
2016-09-30,Nifty 50,BPCL,31893.22,0.7589464367897727,0.2814002545006909
2016-09-30,Nifty 50,BHARTIARTL,41421.06,0.704077381136843,0.2733543244901231
2016-09-30,Nifty 50,BOSCHLTD,20758.99,0.8795890854991694,0.25860301914990186
2016-09-30,Nifty 50,CIPLA,29366.46,0.6347934170499092,0.23246414518741
2016-09-30,Nifty 50,COALINDIA,40715.28,0.7394397805800406,0.2598416582580342
2016-09-30,Nifty 50,DRREDDY,39251.58,0.7319424705758342,0.32446441936833387
2016-09-30,Nifty 50,EICHERMOT,33088.16,0.8568118736823074,0.2880741943222244
2016-09-30,Nifty 50,GAIL,17583.7,1.0625755350663826,0.3139947445472769
2016-09-30,Nifty 50,GRASIM,31152.34,0.7329020755105822,0.2110072302446945
2016-09-30,Nifty 50,HCLTECH,45141.25,0.6570115368333054,0.2671961965181575
2016-09-30,Nifty 50,HDFCBANK,255254.27,0.7748345716697177,0.15211455654499695
2016-09-30,Nifty 50,HEROMOTOCO,43627.65,1.0107462086692094,0.24140346047938585
2016-09-30,Nifty 50,HINDALCO,19550.26,1.9754586746808178,0.4545627788671645
2016-09-30,Nifty 50,ZEEL,29932.14,1.0002840502313088,0.2851272505062605
2017-03-31,Nifty 50,ZEEL,29318.99,1.0483114822347486,0.28889427539026674
2017-03-31,Nifty 50,TATAPOWER,16373.21,1.022375589821876,0.24918333785849156
2017-03-31,Nifty 50,ITC,237926.49,0.9689182524561213,0.23935805034516228
2017-03-31,Nifty 50,ICICIBANK,161183.2,1.6860442370669702,0.3178780835944684
2017-03-31,Nifty 50,IOC,39469.04,1.1248125525420989,0.2867384854485837
2017-03-31,Nifty 50,INDUSINDBK,71594.63,1.0927926213531394,0.22902671023842736
2017-03-31,Nifty 50,INFY,204280.5,0.6703846514971398,0.21913229233385065
2017-03-31,Nifty 50,KOTAKBANK,104290.73,0.8655659508495345,0.1955293377822803
2017-03-31,Nifty 50,LT,129275.79,1.2762172852696252,0.2537566336302204
2017-03-31,Nifty 50,LUPIN,34582.56,0.8240616204508826,0.25490372573985126
2017-03-31,Nifty 50,M&M,59946.28,1.0757131974408183,0.23004607900954013
2017-03-31,Nifty 50,MARUTI,79957.81,1.3068570388391159,0.2454329885626383
2017-03-31,Nifty 50,NTPC,41062.41,0.8289889252630166,0.2276308253848675
2017-03-31,Nifty 50,ONGC,52231.27,0.6613311938907382,0.23504527596529057
2017-03-31,Nifty 50,POWERGRID,43352.09,0.7714388557149835,0.209421474882392
2017-03-31,Nifty 50,RELIANCE,218525.62,0.6897107704121206,0.2223486402864201
2017-03-31,Nifty 50,SBIN,93577.05,1.438530750735439,0.3045526127346312
2017-03-31,Nifty 50,YESBANK,51062.29,1.4080167597806865,0.28328405226477754
2017-03-31,Nifty 50,WIPRO,32593.76,0.5410552873453395,0.18883298396279324
2017-03-31,Nifty 50,ULTRACEMCO,41562.58,1.1783413701281462,0.2520846012369712
2017-03-31,Nifty 50,TECHM,28597.55,1.0153039023305945,0.2663509116268022
2017-03-31,Nifty 50,TATASTEEL,32347.59,1.6227708164259418,0.34016815579442927
2017-03-31,Nifty 50,SUNPHARMA,75948.66,0.7283877665351559,0.25419241332869624
2017-03-31,Nifty 50,HINDUNILVR,65118.16,0.6241839469422379,0.17866104772793096
2017-03-31,Nifty 50,HEROMOTOCO,41178.45,1.0165647944277478,0.22918233009075528
2017-03-31,Nifty 50,ACC,12219.73,1.0357759435262768,0.22293946809664167
2017-03-31,Nifty 50,ADANIPORTS,27428.51,1.6965371366826032,0.3815393822481648
2017-03-31,Nifty 50,AMBUJACEM,17386.41,1.3024613405371879,0.25538386147837416
2017-03-31,Nifty 50,ASIANPAINT,48395.84,0.9506154394226526,0.2448513427889536
2017-03-31,Nifty 50,AUROPHARMA,18965.11,1.1684662735339606,0.3046740294480527
2017-03-31,Nifty 50,AXISBANK,83345.72,1.1591566262948922,0.28496765755215975
2017-03-31,Nifty 50,BAJAJ-AUTO,38154.82,0.9417779841451996,0.20704467071910562
2017-03-31,Nifty 50,BANKBARODA,16338.68,1.3738163318622687,0.3867065890284914
2017-03-31,Nifty 50,HINDALCO,24989.09,1.7700196309761356,0.4070724257148839
2017-03-31,Nifty 50,BHARTIARTL,46176.57,0.8360630365276406,0.27903826362344003
2017-03-31,Nifty 50,BPCL,33832.53,0.9170450456156829,0.2658788067940933
2017-03-31,Nifty 50,BOSCHLTD,20831.55,1.1636299493533173,0.260385498344045
2017-03-31,Nifty 50,CIPLA,30051.73,0.6042538372041973,0.22494104857529915
2017-03-31,Nifty 50,COALINDIA,38148.56,0.6725200024188633,0.22137202950242574
2017-03-31,Nifty 50,DRREDDY,31847.46,0.4818482043881361,0.237145488142466
2017-03-31,Nifty 50,EICHERMOT,34115.87,1.0968892377244248,0.2911174742817665
2017-03-31,Nifty 50,GAIL,24226.4,0.7669259191249794,0.24638211165097657
2017-03-31,Nifty 50,GRASIM,33787.56,1.1088260773233556,0.2715598091405536
2017-03-31,Nifty 50,HCLTECH,49377.82,0.5373705995343678,0.22962146132376648
2017-03-31,Nifty 50,HDFCBANK,291545.63,0.7791720433006029,0.1481852608265583
2017-03-31,Nifty 50,TCS,129375.54,0.5811302249082471,0.23227186579672235
2017-09-30,Nifty 50,VEDL,58406.41,1.7507345829896108,0.36063279090673894
2017-09-30,Nifty 50,WIPRO,35461.14,0.41073377319459187,0.1892576239493332
2017-09-30,Nifty 50,YESBANK,64123.72,1.5540658638383593,0.2787670044154618
2017-09-30,Nifty 50,TATASTEEL,43729.92,1.7054983890410913,0.3078077539354332
2017-09-30,Nifty 50,ZEEL,28473.17,1.3510046999763266,0.2744107726929489
2017-09-30,Nifty 50,ITC,220232.12,1.1485301813671822,0.2748766967035981
2017-09-30,Nifty 50,ICICIBANK,177482.45,1.3920355159986357,0.27272515893158167
2017-09-30,Nifty 50,IOC,40840.59,1.1781662482044202,0.2968947133084959
2017-09-30,Nifty 50,INDUSINDBK,85621.59,1.1750680068232202,0.21730922713156006
2017-09-30,Nifty 50,INFY,179832.91,0.686538911377377,0.23013840667557028
2017-09-30,Nifty 50,KOTAKBANK,133571.58,0.8342010803987953,0.1861831639925407
2017-09-30,Nifty 50,LT,140755.39,1.1194490582119667,0.1991050783936636
2017-09-30,Nifty 50,LUPIN,24280.48,0.7060356840858636,0.2558239368427391
2017-09-30,Nifty 50,M&M,58425.38,1.0086471321790782,0.2163848534916992
2017-09-30,Nifty 50,MARUTI,106042.43,1.237034719575521,0.21336376501141663
2017-09-30,Nifty 50,NTPC,51086.01,0.6091670424548468,0.20948498938239654
2017-09-30,Nifty 50,ONGC,48264.51,0.5145139517527193,0.21457591540596452
2017-09-30,Nifty 50,POWERGRID,46362.35,0.6716865764640099,0.2012598806875295
2017-09-30,Nifty 50,RELIANCE,259044.85,0.817959284328188,0.24058777461942166
2017-09-30,Nifty 50,SBIN,94223.58,1.2873579581130992,0.2476287143403079
2017-09-30,Nifty 50,SUNPHARMA,55542.76,0.818410298954223,0.3116741647059692
2017-09-30,Nifty 50,TCS,121240.83,0.4983575134434598,0.2197838832346992
2017-09-30,Nifty 50,TECHM,28609.46,0.7522768749404951,0.2735716046849269
2017-09-30,Nifty 50,HINDUNILVR,83849.06,0.6330548011317111,0.18094077312063858
2017-09-30,Nifty 50,HINDALCO,35087.81,1.7049021830280569,0.3474033237040258
2017-09-30,Nifty 50,ADANIPORTS,29648.78,1.834385733933038,0.326739138572718
2017-09-30,Nifty 50,AMBUJACEM,19575.78,1.3458146341254897,0.24374080877487866
2017-09-30,Nifty 50,ASIANPAINT,51019.63,1.0118858712057432,0.2317993242825411
2017-09-30,Nifty 50,AUROPHARMA,19450.83,1.329800056860983,0.33864343534288477
2017-09-30,Nifty 50,AXISBANK,86673.31,1.2050104467814897,0.26025653498168433
2017-09-30,Nifty 50,BAJAJ-AUTO,42288.62,0.8430866928336866,0.19002544673327162
2017-09-30,Nifty 50,BAJFINANCE,43446.37,1.8688673095378827,0.36451758679853946
2017-09-30,Nifty 50,BPCL,36805.28,0.9829499895837748,0.2650033618944873
2017-09-30,Nifty 50,BHARTIARTL,51373.99,0.7190048305885728,0.24968942932245156
2017-09-30,Nifty 50,BOSCHLTD,18811.55,1.0965047837737205,0.23458411356446726
2017-09-30,Nifty 50,CIPLA,29712.44,0.7061564331487723,0.23317482578132243
2017-09-30,Nifty 50,COALINDIA,35306.81,0.9450109690699514,0.22378613259828753
2017-09-30,Nifty 50,DRREDDY,28195.47,0.5196252688513228,0.2819800868861793
2017-09-30,Nifty 50,EICHERMOT,41635.57,1.28470416561226,0.2888294932114725
2017-09-30,Nifty 50,GAIL,26932.14,0.7898672895022066,0.25847720567815907
2017-09-30,Nifty 50,HCLTECH,48709.79,0.5360711603223274,0.19963938118566257
2017-09-30,Nifty 50,HDFCBANK,368236.47,0.7646746095734211,0.13816018666265809
2017-09-30,Nifty 50,HEROMOTOCO,48994.77,1.0202446033527324,0.21664761508381744
2017-09-30,Nifty 50,HINDPETRO,31868.01,1.4238451924259912,0.3591443136980606
2017-09-30,Nifty 50,UPL,28476.52,1.322956022947277,0.2674023619085856
2017-09-30,Nifty 50,ULTRACEMCO,40208.11,1.2312371429532347,0.23665063817164814
2018-03-31,Nifty 50,ZEEL,31506.24,0.7339833459325712,0.22927564493406044
2018-03-31,Nifty 50,IOC,36017.22,0.8972078189731187,0.2705886697174527
2018-03-31,Nifty 50,INDUSINDBK,91537.67,0.7854177606007343,0.1862817858841277
2018-03-31,Nifty 50,INFY,226177.12,0.6850983199630593,0.22562190519469788
2018-03-31,Nifty 50,KOTAKBANK,139681.26,0.7966522273834631,0.17698363100943376
2018-03-31,Nifty 50,LT,161621.89,1.3092140099612024,0.21322672238767199
2018-03-31,Nifty 50,LUPIN,17626.48,0.8554389243821628,0.2970572643143785
2018-03-31,Nifty 50,M&M,68894.62,0.7852041229269724,0.19783471094703775
2018-03-31,Nifty 50,MARUTI,117777.51,1.0462868333349196,0.18664853525733055
2018-03-31,Nifty 50,NTPC,51772.45,0.6433754134331816,0.18692704097671847
2018-03-31,Nifty 50,POWERGRID,42462.2,0.5013852980925617,0.17926868585417086
2018-03-31,Nifty 50,RELIANCE,304327.36,1.1734827065643951,0.22756778397767002
2018-03-31,Nifty 50,SUNPHARMA,54643.31,0.8985054914553954,0.3189972328453661
2018-03-31,Nifty 50,TCS,141806.4,0.3797836150068671,0.21071207705601197
2018-03-31,Nifty 50,TATASTEEL,44391.21,1.5417241682629228,0.28412836079966847
2018-03-31,Nifty 50,TECHM,39940.39,0.5058772894824549,0.28122375603208066
2018-03-31,Nifty 50,UPL,26728.38,1.282356964454583,0.25842803398293157
2018-03-31,Nifty 50,ULTRACEMCO,41210.24,1.1096512563865237,0.21645478992093814
2018-03-31,Nifty 50,VEDL,51641.12,1.7590938987858793,0.31024687094647807
2018-03-31,Nifty 50,WIPRO,31793.5,0.2833879545669958,0.20232026226141023
2018-03-31,Nifty 50,YESBANK,56034.02,1.313712964298519,0.28107709785304835
2018-03-31,Nifty 50,SBIN,92757.46,1.7631760809117651,0.3889344610865256
2018-03-31,Nifty 50,ICICIBANK,178749.48,1.4690347683951108,0.28691999874207585
2018-03-31,Nifty 50,ONGC,50198.48,0.7849945576876638,0.23042063921136025
2018-03-31,Nifty 50,ITC,217986.11,1.070524394658675,0.24769005797368934
2018-03-31,Nifty 50,AMBUJACEM,17114.57,0.9482894354268983,0.21975714659885748
2018-03-31,Nifty 50,ASIANPAINT,50510.2,0.6411298224879762,0.184408415390055
2018-03-31,Nifty 50,AUROPHARMA,15688.06,0.9961223828039129,0.3176964740160905
2018-03-31,Nifty 50,AXISBANK,81156.7,1.2612944124200383,0.26476560453641756
2018-03-31,Nifty 50,BAJAJ-AUTO,37328.61,1.0636955549386213,0.18945918592103778
2018-03-31,Nifty 50,BAJFINANCE,41779.95,1.3239813383594858,0.29429267372074286
2018-03-31,Nifty 50,BPCL,33380.9,0.9273546127316207,0.2683164909915411
2018-03-31,Nifty 50,BHARTIARTL,52594.19,1.2390756829363951,0.30609180409417164
2018-03-31,Nifty 50,BOSCHLTD,16497.27,0.7652027148378076,0.20576788441488267
2018-03-31,Nifty 50,ADANIPORTS,27132.99,1.287170698387282,0.27890205788849937
2018-03-31,Nifty 50,COALINDIA,36929.74,0.6188653749423616,0.2214341634856044
2018-03-31,Nifty 50,CIPLA,27660.6,0.7596525174374905,0.2461523781097228
2018-03-31,Nifty 50,HINDPETRO,25749.02,1.157499256167133,0.35581534982098495
2018-03-31,Nifty 50,HINDALCO,31306.66,1.7008892822425572,0.29712462665095
2018-03-31,Nifty 50,HEROMOTOCO,45988.93,0.8625098611611536,0.19036267237470061
2018-03-31,Nifty 50,HDFCBANK,385626.47,0.759557390298124,0.13717699123521315
2018-03-31,Nifty 50,HINDUNILVR,95238.25,0.7813743987708509,0.17715988762415144
2018-03-31,Nifty 50,GAIL,28154.34,0.8262756701283557,0.26551337344987225
2018-03-31,Nifty 50,EICHERMOT,37866.1,0.9246566227882693,0.2410706579017914
2018-03-31,Nifty 50,DRREDDY,25194.98,0.7038406396596448,0.29268369958317975
2018-03-31,Nifty 50,HCLTECH,53936.47,0.2385451411455657,0.20361192924519092
2018-09-30,Nifty 50,GRASIM,40303.77,1.1808504019237918,0.2680270881037757
2018-09-30,Nifty 50,ITC,254931.75,0.8579088994805204,0.19052274668769173
2018-09-30,Nifty 50,HINDUNILVR,114893.28,0.7810378066544985,0.19536262429280335
2018-09-30,Nifty 50,HINDPETRO,18775.09,1.1394787121130383,0.3517277911065392
2018-09-30,Nifty 50,HINDALCO,33516.89,1.7196383600447138,0.3481034687192671
2018-09-30,Nifty 50,HEROMOTOCO,38077.24,0.7193025384175612,0.2078874094361388
2018-09-30,Nifty 50,ICICIBANK,196596.1,1.5739818633225655,0.3207320119200941
2018-09-30,Nifty 50,HDFCBANK,430257.89,0.7513097652117973,0.15474069549769173
2018-09-30,Nifty 50,HCLTECH,60591.4,0.3321434746853449,0.24713250602037065
2018-09-30,Nifty 50,GAIL,34186.88,0.7607822413828712,0.28163877850012087
2018-09-30,Nifty 50,DRREDDY,30671.94,0.6814187919420488,0.2833044054811371
2018-09-30,Nifty 50,COALINDIA,36359.9,0.4666918840126631,0.24019691609226895
2018-09-30,Nifty 50,CIPLA,33179.08,0.871207156643324,0.255165374050337
2018-09-30,Nifty 50,BHARTIARTL,44659.55,1.2519785920808297,0.3355977786550879
2018-09-30,Nifty 50,BPCL,29218.53,1.0354038136120438,0.3127801720158685
2018-09-30,Nifty 50,BAJAJFINSV,36320.29,1.2182579068982284,0.25608300051549127
2018-09-30,Nifty 50,BAJFINANCE,51374.45,1.2252270377645877,0.2959602074368381
2018-09-30,Nifty 50,BAJAJ-AUTO,36549.99,1.0018706179911223,0.2359963171396686
2018-09-30,Nifty 50,AXISBANK,108698.56,1.3483270231370206,0.3018792755256875
2018-09-30,Nifty 50,EICHERMOT,32974.01,0.8973574918387531,0.25100465278082523
2018-09-30,Nifty 50,IOC,32764.73,1.027613977379586,0.27341260474201556
2018-09-30,Nifty 50,ADANIPORTS,25883.17,1.2619250955060177,0.2666710321871867
2018-09-30,Nifty 50,INFY,277455.01,0.4744161559949517,0.20433409203618375
2018-09-30,Nifty 50,ASIANPAINT,58304.93,0.7240880257350633,0.19563452890694777
2018-09-30,Nifty 50,ZEEL,24433.03,0.6590274269593412,0.2188719859685007
2018-09-30,Nifty 50,YESBANK,33911.0,1.5468469433139913,0.4388707021026606
2018-09-30,Nifty 50,WIPRO,36644.78,0.3261759296667972,0.19724238549656564
2018-09-30,Nifty 50,VEDL,43175.24,1.7051985437630999,0.32649671140700065
2018-09-30,Nifty 50,ULTRACEMCO,42368.76,1.1930318755972047,0.23172435975548716
2018-09-30,Nifty 50,UPL,24361.66,1.4485283611334485,0.3326512596316957
2018-09-30,Nifty 50,TITAN,33614.42,1.0329854201405908,0.3330534718564306
2018-09-30,Nifty 50,TECHM,46792.66,0.48961057112750966,0.29034324969008807
2018-09-30,Nifty 50,TATASTEEL,43874.45,1.7098451563244836,0.3091787887598978
2018-09-30,Nifty 50,TCS,234092.87,0.21854635981390452,0.22356004135714153
2018-09-30,Nifty 50,SUNPHARMA,68787.44,1.0515916692238807,0.31836226851189015
2018-09-30,Nifty 50,SBIN,99518.08,1.765956870112896,0.4117059254532352
2018-09-30,Nifty 50,RELIANCE,430565.74,1.1920529247702958,0.22737592363452888
2018-09-30,Nifty 50,POWERGRID,43367.79,0.582027761088501,0.1934792876782721
2018-09-30,Nifty 50,ONGC,50029.08,0.8420961367620056,0.244274469307262
2018-09-30,Nifty 50,NTPC,52278.72,0.7187482930436142,0.18443218210868398
2018-09-30,Nifty 50,MARUTI,97665.44,1.0076325681006653,0.20186577855775123
2018-09-30,Nifty 50,M&M,80274.5,0.9608102739506033,0.2287568485419612
2018-09-30,Nifty 50,LT,156945.16,1.2553918915986277,0.21612629470812622
2018-09-30,Nifty 50,KOTAKBANK,152376.75,0.9684475369785239,0.20448210069396558
2018-09-30,Nifty 50,JSWSTEEL,39668.88,1.464629139248596,0.3018530958600288
2018-09-30,Nifty 50,INDUSINDBK,86337.93,0.8043052227116458,0.19812235704028758
2019-03-31,Nifty 50,WIPRO,38435.79,0.5060394808979182,0.23883183265709007
2019-03-31,Nifty 50,POWERGRID,45554.59,0.5940546378474407,0.2137771923009467
2019-03-31,Nifty 50,EICHERMOT,28590.3,1.4304510362023668,0.345528429492036
2019-03-31,Nifty 50,HINDUNILVR,121923.85,0.7379315398449664,0.2142571947256268
2019-03-31,Nifty 50,HEROMOTOCO,33145.63,0.9323365662237647,0.2769966325388525
2019-03-31,Nifty 50,HDFCBANK,498890.98,0.6763457912278914,0.16213006841738475
2019-03-31,Nifty 50,HCLTECH,58994.73,0.5587428076311567,0.28067171122564777
2019-03-31,Nifty 50,GRASIM,33851.19,1.2158009260006832,0.289619008786765
2019-03-31,Nifty 50,GAIL,31359.02,0.8443964634421833,0.30671436434883037
2019-03-31,Nifty 50,YESBANK,50922.68,0.9864968383064406,0.6273139304949102
2019-03-31,Nifty 50,DRREDDY,33703.42,0.5145633214448989,0.3020942681439181
2019-03-31,Nifty 50,COALINDIA,39754.73,0.5024444087329578,0.24974918230289467
2019-03-31,Nifty 50,CIPLA,26846.46,0.7839970006676639,0.2587272929917731
2019-03-31,Nifty 50,BHARTIARTL,43940.62,1.152891397860785,0.347337213087843
2019-03-31,Nifty 50,BPCL,31045.91,1.5446001310037016,0.4354732807052144
2019-03-31,Nifty 50,BAJAJFINSV,42554.25,1.4537472946849654,0.3075898561821338
2019-03-31,Nifty 50,BAJFINANCE,71682.53,1.4525703544467872,0.34986796727522823
2019-03-31,Nifty 50,BAJAJ-AUTO,39591.69,0.8847828942381064,0.25470509062320074
2019-03-31,Nifty 50,AXISBANK,151885.08,1.1832034291248206,0.2982014633899793
2019-03-31,Nifty 50,ASIANPAINT,67294.34,1.0237375677526885,0.22983341485812403
2019-03-31,Nifty 50,ADANIPORTS,29758.96,1.3941082944778336,0.35129543599282215
2019-03-31,Nifty 50,ITC,254973.15,0.8887834621508314,0.20463177860232662
2019-03-31,Nifty 50,ICICIBANK,258106.06,1.25820876803783,0.3059153188403457
2019-03-31,Nifty 50,HINDALCO,29994.67,1.4174263671034368,0.3737700499889072
2019-03-31,Nifty 50,IOC,38327.39,1.2916961384541112,0.39187527119976595
2019-03-31,Nifty 50,VEDL,33596.21,1.3431103808415366,0.3995999424308864
2019-03-31,Nifty 50,ULTRACEMCO,41728.14,1.1399275512787785,0.26521084816357
2019-03-31,Nifty 50,ZEEL,24817.49,0.7788363184483399,0.4471277981401985
2019-03-31,Nifty 50,UPL,35163.59,1.283642076772421,0.33800938834637667
2019-03-31,Nifty 50,TITAN,47644.78,0.8996579644718179,0.27247839599699314
2019-03-31,Nifty 50,TECHM,48831.42,0.7046342490532915,0.29964323545288535
2019-03-31,Nifty 50,TATASTEEL,39326.73,1.2882908957450585,0.3105884572371603
2019-03-31,Nifty 50,TCS,210306.9,0.4612719928699674,0.24519314675489903
2019-03-31,Nifty 50,SUNPHARMA,52850.39,0.8652883252389381,0.362314658133889
2019-03-31,Nifty 50,SBIN,120227.9,1.362045509827179,0.2966875369789172
2019-03-31,Nifty 50,INDUSINDBK,91186.32,0.9983828300042633,0.2598930521912618
2019-03-31,Nifty 50,ONGC,48232.79,1.0222425491541975,0.30470086127814827
2019-03-31,Nifty 50,NTPC,54644.67,0.6693243857300104,0.22800296756898736
2019-03-31,Nifty 50,MARUTI,88688.35,1.1403072673194017,0.2578766757587188
2019-03-31,Nifty 50,M&M,62834.06,1.2780842522567217,0.27465998053491275
2019-03-31,Nifty 50,LT,170988.91,0.9890343608886436,0.21581936896803128
2019-03-31,Nifty 50,KOTAKBANK,178239.0,1.0244266452067083,0.25551004327562027
2019-03-31,Nifty 50,JSWSTEEL,29751.39,1.2474533283595812,0.3135599983296032
2019-03-31,Nifty 50,INFY,282735.18,0.5967220686326477,0.24070888714761396
2019-03-31,Nifty 50,RELIANCE,466626.03,1.4399299020751148,0.2733395737618056
2019-09-30,Nifty 50,NESTLEIND,49549.68,0.6316700094811943,0.23576468611500923
2019-09-30,Nifty 50,NTPC,51154.86,0.5446249416510947,0.25602983539634094
2019-09-30,Nifty 50,MARUTI,89263.21,1.3839665860074934,0.3300241144197392
2019-09-30,Nifty 50,M&M,52376.39,1.4362615826883431,0.3202027565424147
2019-09-30,Nifty 50,INDUSINDBK,83411.55,1.4962311527156587,0.3939754731471966
2019-09-30,Nifty 50,KOTAKBANK,219841.52,0.9946994697684481,0.26447322818144536
2019-09-30,Nifty 50,JSWSTEEL,23345.27,1.3346640206931846,0.34915258492320705
2019-09-30,Nifty 50,INFY,295047.92,0.3367456637808507,0.24587816062970777
2019-09-30,Nifty 50,ONGC,41452.02,1.16285342423963,0.34197624513882685
2019-09-30,Nifty 50,LT,182051.26,1.209070859329437,0.2630572680401995
2019-09-30,Nifty 50,POWERGRID,46860.66,0.34085256768470923,0.22100175113041756
2019-09-30,Nifty 50,UPL,33222.69,0.9081635139405546,0.32882955664969843
2019-09-30,Nifty 50,SBIN,103921.75,1.5550399861948547,0.33480369954478634
2019-09-30,Nifty 50,SUNPHARMA,42983.37,0.5705896313289185,0.3656320909119255
2019-09-30,Nifty 50,TCS,220566.67,0.38168706203694136,0.24460887148518515
2019-09-30,Nifty 50,TATASTEEL,27208.66,1.3462877338644006,0.362746268921416
2019-09-30,Nifty 50,TECHM,44114.49,0.40501906876039756,0.27011532191295484
2019-09-30,Nifty 50,TITAN,53119.22,0.9589534526743875,0.2993581829520565
2019-09-30,Nifty 50,ZEEL,16320.51,0.7582640467627139,0.5756638801247578
2019-09-30,Nifty 50,YESBANK,8657.79,1.4472275470297793,0.8241286530428398
2019-09-30,Nifty 50,IOC,36078.82,1.4318911827665155,0.41654763625606517
2019-09-30,Nifty 50,RELIANCE,456045.95,1.1791367574875722,0.3044409074435344
2019-09-30,Nifty 50,ITC,223457.7,0.7869235167573643,0.21363598552916868
2019-09-30,Nifty 50,WIPRO,35614.94,0.345864279347049,0.24522435391633404
2019-09-30,Nifty 50,VEDL,28077.29,1.3953155998198716,0.43365886619187505
2019-09-30,Nifty 50,ADANIPORTS,32576.28,1.318885186999361,0.3710349340935228
2019-09-30,Nifty 50,ASIANPAINT,79441.77,0.9969519572259248,0.2591849884863358
2019-09-30,Nifty 50,AXISBANK,138206.47,1.2109382583527672,0.2890991771048078
2019-09-30,Nifty 50,BAJAJ-AUTO,38306.7,0.8978761664318059,0.24929677029066877
2019-09-30,Nifty 50,BAJFINANCE,96197.52,1.6232694369624714,0.3856417915283123
2019-09-30,Nifty 50,BAJAJFINSV,51479.58,1.4798644150289755,0.34444654158923127
2019-09-30,Nifty 50,BPCL,37731.33,1.6383127225765297,0.4603764552817461
2019-09-30,Nifty 50,BHARTIARTL,69696.4,1.0133737487273846,0.35946804158188067
2019-09-30,Nifty 50,ICICIBANK,280088.15,1.359992800112591,0.3071476699452257
2019-09-30,Nifty 50,COALINDIA,35717.02,0.6236199115434322,0.2759715225820206
2019-09-30,Nifty 50,DRREDDY,32774.62,0.3078803482845258,0.26277444916270726
2019-09-30,Nifty 50,EICHERMOT,24724.36,1.6170782563768695,0.41252251978435506
2019-09-30,Nifty 50,GAIL,24871.18,0.9336123541196235,0.3209543203818114
2019-09-30,Nifty 50,GRASIM,28810.01,1.377720468584649,0.33386591372347746
2019-09-30,Nifty 50,HCLTECH,58627.44,0.3946410148550496,0.26807826981888433
2019-09-30,Nifty 50,HDFCBANK,530492.04,0.9095260892482336,0.20105560237007625
2019-09-30,Nifty 50,HEROMOTOCO,35113.73,1.2826927237605952,0.34971326691060267
2019-09-30,Nifty 50,HINDALCO,27934.24,1.1189757896041237,0.32697710030656085
2019-09-30,Nifty 50,HINDUNILVR,141588.13,0.7057640559134664,0.20799473602653462
2019-09-30,Nifty 50,CIPLA,21604.82,0.5789000040660185,0.24708082091563982
2019-09-30,Nifty 50,ULTRACEMCO,45308.41,1.2800935042905512,0.3031329223822308
2020-03-31,Nifty 50,ASIANPAINT,75129.65,0.772712443171044,0.3070652722764852
2020-03-31,Nifty 50,DRREDDY,37854.42,0.46908186341608177,0.2776485611357811
2020-03-31,Nifty 50,INDUSINDBK,21196.47,1.5887994828152874,0.7617674262528105
2020-03-31,Nifty 50,IOC,20753.98,0.7087841748213247,0.3433529547567469
2020-03-31,Nifty 50,ITC,149850.9,0.8204061675366702,0.34918173743557374
2020-03-31,Nifty 50,ICICIBANK,209543.33,1.2465501389788662,0.4010499272386507
2020-03-31,Nifty 50,HINDUNILVR,164202.76,0.6866794271317908,0.2967947253923629
2020-03-31,Nifty 50,HINDALCO,13971.63,1.2421549129826313,0.4288110789568627
2020-03-31,Nifty 50,HEROMOTOCO,20726.8,0.9270602708344923,0.38763886421011945
2020-03-31,Nifty 50,HDFCBANK,373261.03,0.995268769511177,0.3269960673495945
2020-03-31,Nifty 50,HCLTECH,47369.74,0.6382960442581396,0.2941861028104904
2020-03-31,Nifty 50,GRASIM,18790.68,1.2777713333264722,0.455923480877832
2020-03-31,Nifty 50,GAIL,14155.31,0.8440663239079109,0.43290054743276474
2020-03-31,Nifty 50,EICHERMOT,18236.47,0.9304613155431719,0.42071496246467266
2020-03-31,Nifty 50,COALINDIA,29345.06,0.6275064857990362,0.3603325937697574
2020-03-31,Nifty 50,CIPLA,21477.75,0.4876517178977268,0.2953785445219535
2020-03-31,Nifty 50,BHARTIARTL,98619.56,0.8556972595855012,0.41046389096060304
2020-03-31,Nifty 50,BPCL,25435.14,1.0832642398232641,0.48191333401120723
2020-03-31,Nifty 50,BAJAJFINSV,27763.98,1.39195353973117,0.4636602537603246
2020-03-31,Nifty 50,BAJFINANCE,58661.8,1.479390145949145,0.49932954902478277
2020-03-31,Nifty 50,INFY,234958.45,0.7578467688926354,0.3717651900272737
2020-03-31,Nifty 50,BAJAJ-AUTO,26334.06,0.7428183315062722,0.3049641614955481
2020-03-31,Nifty 50,JSWSTEEL,14847.78,1.3161402664324446,0.4667793914837802
2020-03-31,Nifty 50,LT,99873.51,1.1542874950746542,0.3694069857562403
2020-03-31,Nifty 50,ZEEL,11309.93,0.8010712132249082,0.7373270389837845
2020-03-31,Nifty 50,ADANIPORTS,19402.01,1.0545865073606018,0.3994233001778557
2020-03-31,Nifty 50,WIPRO,29218.71,0.582317842303476,0.27831013042184977
2020-03-31,Nifty 50,VEDL,11784.63,1.4167107265548158,0.5153406748123193
2020-03-31,Nifty 50,ULTRACEMCO,37461.59,1.0867151904631356,0.3762598731764306
2020-03-31,Nifty 50,UPL,17961.18,1.0486586692146267,0.44063641266471926
2020-03-31,Nifty 50,TITAN,38959.52,0.8393328785967725,0.3628517762865332
2020-03-31,Nifty 50,TECHM,34952.47,0.7899590751084958,0.3401102906590812
2020-03-31,Nifty 50,TATASTEEL,20348.01,1.2100911172287974,0.4889508567391254
2020-03-31,Nifty 50,TCS,191862.43,0.6088381934655479,0.2960128297798433
2020-03-31,Nifty 50,SUNPHARMA,38037.86,0.6861185225341513,0.35490939530220955
2020-03-31,Nifty 50,SBIN,75542.82,1.2662619697005837,0.4584120843783087
2020-03-31,Nifty 50,SHREECEM,23424.16,0.8779048055506808,0.3239750639379057
2020-03-31,Nifty 50,RELIANCE,360078.25,1.1602639814802835,0.4123652445452836
2020-03-31,Nifty 50,POWERGRID,40784.95,0.5064912503549407,0.291775970132406
2020-03-31,Nifty 50,ONGC,24917.76,1.0607676418360854,0.47979127704902946
2020-03-31,Nifty 50,NESTLEIND,58150.46,0.6198795787636607,0.2861564750644453
2020-03-31,Nifty 50,NTPC,40822.96,0.670220877824253,0.29135572224650585
2020-03-31,Nifty 50,MARUTI,56998.04,1.126712412827899,0.41086826710040353
2020-03-31,Nifty 50,M&M,27277.07,0.9570798123208306,0.3785684932683417
2020-03-31,Nifty 50,KOTAKBANK,173505.65,1.0158913759223431,0.3498004494529195
2020-03-31,Nifty 50,AXISBANK,85529.8,1.3496005417810117,0.44761692335708464
2020-09-30,Nifty 50,ADANIPORTS,24996.64,0.9020819116324583,0.420712663283506
2020-09-30,Nifty 50,ULTRACEMCO,46752.23,0.9371391594749278,0.38705921076860844
2020-09-30,Nifty 50,HINDUNILVR,184659.85,0.6257903416921887,0.34051751105616745
2020-09-30,Nifty 50,HINDALCO,25587.99,1.415454373781871,0.5597391801698883
2020-09-30,Nifty 50,HEROMOTOCO,40863.66,0.8803928711122416,0.42638335242267555
2020-09-30,Nifty 50,HDFCLIFE,44055.06,1.072112178475507,0.4574621100040362
2020-09-30,Nifty 50,HDFCBANK,468918.15,1.0599042569731243,0.39259096136848204
2020-09-30,Nifty 50,HCLTECH,88096.42,0.7773268762209935,0.3827188725936354
2020-09-30,Nifty 50,GRASIM,29377.81,1.167806697443767,0.48473592862747855
2020-09-30,Nifty 50,WIPRO,46586.24,0.6657274233092153,0.36879669800398607
2020-09-30,Nifty 50,EICHERMOT,30694.31,0.8787242126573627,0.43286593382970207
2020-09-30,Nifty 50,ICICIBANK,244635.44,1.408733688742689,0.5136909136802725
2020-09-30,Nifty 50,DRREDDY,62962.33,0.4830626679763077,0.34856479719141226
2020-09-30,Nifty 50,COALINDIA,24305.8,0.6374512852237607,0.37555472759877084
2020-09-30,Nifty 50,CIPLA,39353.99,0.47495843375264396,0.39189157022485366
2020-09-30,Nifty 50,BHARTIARTL,101046.74,0.7707043716374622,0.4575433439014101
2020-09-30,Nifty 50,BPCL,28336.62,0.9925393532487468,0.5109001010995241
2020-09-30,Nifty 50,BAJAJFINSV,35390.43,1.3419341813362744,0.5227622314232394
2020-09-30,Nifty 50,BAJFINANCE,86928.29,1.4636834537814918,0.597031342675298
2020-09-30,Nifty 50,BAJAJ-AUTO,37516.29,0.8011948388016422,0.36046373081944494
2020-09-30,Nifty 50,AXISBANK,105256.69,1.5792756296301447,0.6147541649251882
2020-09-30,Nifty 50,ASIANPAINT,89551.47,0.6928843906804073,0.3337764409426518
2020-09-30,Nifty 50,DIVISLAB,38838.48,0.5532183456949801,0.3533709740782932
2020-09-30,Nifty 50,ITC,150003.27,0.6792412805510788,0.388941504519603
2020-09-30,Nifty 50,GAIL,16050.69,0.8060471567659158,0.4627332739109087
2020-09-30,Nifty 50,INDUSINDBK,29915.97,1.6567293412392308,0.8688223169700265
2020-09-30,Nifty 50,IOC,18784.07,0.6570338956964773,0.33837012481438977
2020-09-30,Nifty 50,TITAN,50127.47,0.8753409297141416,0.4117966041251929
2020-09-30,Nifty 50,TECHM,48969.56,0.8636625179389267,0.4005814342916521
2020-09-30,Nifty 50,TATASTEEL,27152.06,1.124214846340455,0.4868731879324383
2020-09-30,Nifty 50,TCS,261857.92,0.746160986336105,0.3498118527414416
2020-09-30,Nifty 50,SUNPHARMA,54033.62,0.6390090695025313,0.37639491029073446
2020-09-30,Nifty 50,SBIN,71148.79,1.1659674374635378,0.4829883218423186
2020-09-30,Nifty 50,SHREECEM,27042.78,0.8317303279979258,0.36881182926439743
2020-09-30,Nifty 50,SBILIFE,31648.02,0.9163853883986817,0.4144601012875833
2020-09-30,Nifty 50,UPL,27665.17,1.1023788897620324,0.5040959362614776
2020-09-30,Nifty 50,POWERGRID,41643.72,0.5659810615004892,0.3284703721650658
2020-09-30,Nifty 50,RELIANCE,722387.58,1.1302459262733893,0.45549942395028964
2020-09-30,Nifty 50,JSWSTEEL,27526.7,1.3153553766532768,0.5098982028868579
2020-09-30,Nifty 50,KOTAKBANK,185742.32,1.0689471288231385,0.4313463891493666
2020-09-30,Nifty 50,LT,110131.37,0.9570965040640679,0.38622427435642026
2020-09-30,Nifty 50,M&M,58191.73,1.0295938135654732,0.48148314231642075
2020-09-30,Nifty 50,INFY,369330.03,0.8890857689164015,0.4288223865807571
2020-09-30,Nifty 50,NTPC,41259.31,0.6738244380382731,0.3530762085497662
2020-09-30,Nifty 50,NESTLEIND,56787.9,0.5952156833339352,0.3252797210336066
2020-09-30,Nifty 50,ONGC,25264.35,0.9471095698207875,0.5132114600993464
2020-09-30,Nifty 50,MARUTI,89630.72,1.1574414712734555,0.4677517155530436
2021-03-31,Nifty 50,DRREDDY,54823.91,0.44430753255313526,0.32803030099604175
2021-03-31,Nifty 50,HINDALCO,47731.37,1.5119288887883096,0.5150274162459665
2021-03-31,Nifty 50,HEROMOTOCO,37835.18,0.8952200985894612,0.38325993535378455
2021-03-31,Nifty 50,HDFCLIFE,57686.23,0.7851956341636194,0.3111471120130224
2021-03-31,Nifty 50,HDFCBANK,650498.53,1.2302592951454747,0.34953447064143334
2021-03-31,Nifty 50,HCLTECH,106663.32,0.8350507328133249,0.35979424198234183
2021-03-31,Nifty 50,HINDUNILVR,217092.72,0.5395111617861339,0.2777285811593736
2021-03-31,Nifty 50,GRASIM,55354.67,0.9923156106339704,0.36397996306223407
2021-03-31,Nifty 50,EICHERMOT,36299.41,0.9339152823427914,0.37271871329559386
2021-03-31,Nifty 50,DIVISLAB,46163.5,0.6380115685405204,0.342694564377524
2021-03-31,Nifty 50,BAJAJFINSV,58468.18,1.2715350631885018,0.44550512004102477
2021-03-31,Nifty 50,CIPLA,41412.79,0.39250572133421663,0.3601758727917777
2021-03-31,Nifty 50,BHARTIARTL,125005.13,0.7027765827958831,0.3742594821112435
2021-03-31,Nifty 50,BPCL,39918.26,1.0482766262267174,0.4378232372225275
2021-03-31,Nifty 50,BAJFINANCE,136542.31,1.4216673273439833,0.5014891432617702
2021-03-31,Nifty 50,BAJAJ-AUTO,47796.78,0.8427850146908368,0.3342359987706214
2021-03-31,Nifty 50,AXISBANK,175197.57,1.745989832061509,0.5387219863136343
2021-03-31,Nifty 50,ASIANPAINT,114391.82,0.6846354200546341,0.31252796077569117
2021-03-31,Nifty 50,ADANIPORTS,51375.69,0.7837704896784138,0.36345147949875634
2021-03-31,Nifty 50,COALINDIA,27312.6,0.8030207954693526,0.337924814232274
2021-03-31,Nifty 50,ICICIBANK,402548.6,1.7097176998647214,0.4765463557121749
2021-03-31,Nifty 50,ULTRACEMCO,77794.07,0.8904780589276995,0.3233560225185214
2021-03-31,Nifty 50,IOC,23346.64,0.853115756874139,0.32266488270722976
2021-03-31,Nifty 50,ITC,190938.14,0.5185812954789129,0.3102368368568944
2021-03-31,Nifty 50,WIPRO,61267.69,0.7196774152050657,0.3662913077208287
2021-03-31,Nifty 50,TITAN,65011.12,0.9118270391298942,0.3586382629966899
2021-03-31,Nifty 50,TECHM,61438.81,0.7813031003415399,0.3542883323240688
2021-03-31,Nifty 50,TATASTEEL,61274.21,1.1475301604240178,0.4223920278479901
2021-03-31,Nifty 50,TATACONSUM,38270.66,0.690378301535401,0.33303422145782474
2021-03-31,Nifty 50,TCS,329140.85,0.7523005028134442,0.301514647953875
2021-03-31,Nifty 50,SUNPHARMA,64544.51,0.6006978951284339,0.34040866102769474
2021-03-31,Nifty 50,SBIN,139803.15,1.3064883379748953,0.42362910530982195
2021-03-31,Nifty 50,SHREECEM,39335.95,0.9313251138087573,0.35002312712707506
2021-03-31,Nifty 50,SBILIFE,34355.55,0.7741438209351957,0.31579030697328647
2021-03-31,Nifty 50,UPL,35308.99,0.9682653263106064,0.4706924150644382
2021-03-31,Nifty 50,POWERGRID,55281.42,0.6154003750016531,0.3148643397448938
2021-03-31,Nifty 50,RELIANCE,647625.34,0.9632525320054368,0.36785764134508436
2021-03-31,Nifty 50,INFY,507013.36,0.8105332195822456,0.323875584400224
2021-03-31,Nifty 50,JSWSTEEL,45293.88,1.2243227872315858,0.407596071201361
2021-03-31,Nifty 50,KOTAKBANK,257059.94,1.1266441172199575,0.3870153110116666
2021-03-31,Nifty 50,LT,171376.76,0.8533888089278118,0.3286982580027298
2021-03-31,Nifty 50,INDUSINDBK,53869.47,1.621814286280769,0.6497588183948809
2021-03-31,Nifty 50,MARUTI,91169.21,1.1127246114610125,0.38523675087007997
2021-03-31,Nifty 50,NTPC,50625.81,0.666962378163821,0.3463496868432924
2021-03-31,Nifty 50,NESTLEIND,61234.82,0.5236826507843356,0.28026816925891745
2021-03-31,Nifty 50,ONGC,37267.19,0.8878386308774141,0.4282016412567983
2021-03-31,Nifty 50,M&M,76125.96,1.2648525262920423,0.4538296244285991
2021-09-30,Nifty 50,DIVISLAB,61147.4,0.6656411004842551,0.24743857850244488
2021-09-30,Nifty 50,HEROMOTOCO,36784.61,0.8126039884922618,0.2537224547378639
2021-09-30,Nifty 50,HDFCLIFE,67229.49,0.6361507957180828,0.2294681266919207
2021-09-30,Nifty 50,HDFCBANK,697724.75,1.2746395651345606,0.2641826179471034
2021-09-30,Nifty 50,HCLTECH,138890.81,0.7483563489177,0.26557652238016105
2021-09-30,Nifty 50,GRASIM,63723.02,0.8143322876363746,0.2586030225515392
2021-09-30,Nifty 50,EICHERMOT,38904.83,0.9297511968704759,0.28087614486435647
2021-09-30,Nifty 50,DRREDDY,59285.59,0.34919213029010054,0.256615461951117
2021-09-30,Nifty 50,HINDALCO,71271.18,1.4748370213705666,0.41426911920598564
2021-09-30,Nifty 50,BPCL,41252.25,0.7567143506304802,0.2839883280929432
2021-09-30,Nifty 50,CIPLA,49983.2,0.3291808958738984,0.24821766441492119
2021-09-30,Nifty 50,BHARTIARTL,162546.98,0.847326108729992,0.2954640681174471
2021-09-30,Nifty 50,HINDUNILVR,241228.78,0.34685078624530835,0.20321932920627375
2021-09-30,Nifty 50,BAJAJFINSV,107560.44,1.274059240773941,0.35428006836051446
2021-09-30,Nifty 50,BAJFINANCE,203650.56,1.4078852415035599,0.35138964624184643
2021-09-30,Nifty 50,BAJAJ-AUTO,49906.91,0.697731905847037,0.2516378331519252
2021-09-30,Nifty 50,AXISBANK,197439.63,1.4210267469486966,0.3218227710002786
2021-09-30,Nifty 50,ASIANPAINT,146276.27,0.6590431024742114,0.2737597946235128
2021-09-30,Nifty 50,ADANIPORTS,54237.91,1.1829513317992193,0.40045558448309576
2021-09-30,Nifty 50,COALINDIA,38784.51,0.896732691263679,0.3185748985449495
2021-09-30,Nifty 50,JSWSTEEL,66232.57,1.1355188390020894,0.36653187289297456
2021-09-30,Nifty 50,ITC,206570.6,0.6676546790280582,0.23654632052213997
2021-09-30,Nifty 50,TECHM,85682.41,0.754144924295092,0.2902369208203471
2021-09-30,Nifty 50,TATASTEEL,100783.04,1.3276509131220078,0.4199856809042102
2021-09-30,Nifty 50,TATACONSUM,48735.34,0.6294937233635152,0.24051345142392347
2021-09-30,Nifty 50,TCS,391046.7,0.6081734185674406,0.2198198854302541
2021-09-30,Nifty 50,SUNPHARMA,88346.51,0.7343866802326413,0.2713046607650291
2021-09-30,Nifty 50,SBIN,173842.51,1.562128031608877,0.3576875264846615
2021-09-30,Nifty 50,SHREECEM,38583.21,1.0535230244017235,0.29870291984716146
2021-09-30,Nifty 50,SBILIFE,53474.67,0.49645848675392745,0.22699783027012632
2021-09-30,Nifty 50,ICICIBANK,485931.29,1.603817666203053,0.3274317809617732
2021-09-30,Nifty 50,RELIANCE,814502.75,0.9094864597409347,0.2633132683675804
2021-09-30,Nifty 50,NESTLEIND,69369.7,0.28946643648628206,0.20841099326187265
2021-09-30,Nifty 50,NTPC,67398.13,0.7082250342040279,0.2854551928528072
2021-09-30,Nifty 50,MARUTI,97533.86,0.7213491052899207,0.2483451243057126
2021-09-30,Nifty 50,M&M,76872.62,1.1868386672933915,0.32247232220173105
2021-09-30,Nifty 50,LT,205717.07,1.112964272332773,0.26995605518086646
2021-09-30,Nifty 50,KOTAKBANK,294294.61,1.1117079331400699,0.2870491356704128
2021-09-30,Nifty 50,INFY,621047.97,0.6813177095020966,0.2173101176348461
2021-09-30,Nifty 50,INDUSINDBK,67135.1,1.7024707018473304,0.424288364918083
2021-09-30,Nifty 50,IOC,31849.04,0.798757747805904,0.2649822396852301
2021-09-30,Nifty 50,POWERGRID,64907.29,0.710412136597016,0.2902097431967134
2021-09-30,Nifty 50,ONGC,52717.66,0.9809193659387667,0.35913348628034303
2021-09-30,Nifty 50,UPL,38931.48,0.8654221977912537,0.37774756082500827
2021-09-30,Nifty 50,WIPRO,93816.53,0.8113679854182705,0.30056717866637284
2021-09-30,Nifty 50,ULTRACEMCO,85398.2,1.0092438498701173,0.2666107549269753
2021-09-30,Nifty 50,TITAN,90205.24,0.8287006801515941,0.26033173482900024
2022-03-31,Nifty 50,DRREDDY,52185.8,0.40290487492877064,0.24947037923087875
2022-03-31,Nifty 50,ITC,219306.51,0.8229378310351543,0.23854213753327225
2022-03-31,Nifty 50,ICICIBANK,507446.43,1.2580726164556808,0.27977012323864425
2022-03-31,Nifty 50,HINDUNILVR,182912.63,0.5569501623193412,0.2077287670434061
2022-03-31,Nifty 50,HINDALCO,83184.72,1.2195796460487778,0.4057034656106711
2022-03-31,Nifty 50,HEROMOTOCO,29795.91,0.9809672049269695,0.2490928612674343
2022-03-31,Nifty 50,HDFCLIFE,50026.23,0.8350780667890823,0.24755210630468027
2022-03-31,Nifty 50,HDFCBANK,644053.79,1.0808409416848315,0.2286633609233808
2022-03-31,Nifty 50,HCLTECH,123163.08,0.7585655113501849,0.25316709256658565
2022-03-31,Nifty 50,GRASIM,62438.0,1.1758829770017132,0.2838789818226819
2022-03-31,Nifty 50,INDUSINDBK,60867.2,1.4717763159814385,0.37733552622564825
2022-03-31,Nifty 50,EICHERMOT,34263.92,1.034484977170242,0.2801229022583451
2022-03-31,Nifty 50,COALINDIA,38354.97,0.8008414060756596,0.34854504740112
2022-03-31,Nifty 50,CIPLA,52568.13,0.0039488944055636604,0.24322758470370762
2022-03-31,Nifty 50,BHARTIARTL,178286.86,0.8595315484951987,0.27082851660088564
2022-03-31,Nifty 50,BPCL,34298.92,0.8878387630542468,0.2521380088119218
2022-03-31,Nifty 50,BAJAJFINSV,103168.34,1.3611926487103914,0.3345845597829104
2022-03-31,Nifty 50,BAJFINANCE,193396.98,1.507319294151728,0.3372369667944436
2022-03-31,Nifty 50,BAJAJ-AUTO,47567.6,0.7303490929356307,0.2275355100485887
2022-03-31,Nifty 50,ADANIPORTS,55603.58,1.4383908093522544,0.39253580843867786
2022-03-31,Nifty 50,APOLLOHOSP,46103.56,0.8055346803752679,0.38664541616390596
2022-03-31,Nifty 50,DIVISLAB,56093.09,0.6281855389123324,0.26422498326520855
2022-03-31,Nifty 50,INFY,697880.9,0.740982539961283,0.21056646578320892
2022-03-31,Nifty 50,JSWSTEEL,70839.06,1.3271193965476933,0.3863314225077683
2022-03-31,Nifty 50,KOTAKBANK,257541.75,1.1816755316798893,0.27224012291998423
2022-03-31,Nifty 50,WIPRO,87610.61,0.9054685368171891,0.2831591390349346
2022-03-31,Nifty 50,ULTRACEMCO,76234.58,0.9815988071401832,0.26056936973782147
2022-03-31,Nifty 50,UPL,42336.68,0.8863392821076028,0.3020143188328578
2022-03-31,Nifty 50,TITAN,105823.27,1.0818251054346408,0.29754901720430793
2022-03-31,Nifty 50,TECHM,93218.17,0.9998974182375526,0.2980656472306492
2022-03-31,Nifty 50,TATASTEEL,105438.56,1.3734812153689706,0.40311785950552426
2022-03-31,Nifty 50,TATACONSUM,46566.93,0.8935657975691986,0.26143838163413374
2022-03-31,Nifty 50,TCS,387359.48,0.6596939299011157,0.2076011518333375
2022-03-31,Nifty 50,ASIANPAINT,138851.22,0.7543457690702627,0.2690161580943477
2022-03-31,Nifty 50,SUNPHARMA,98765.62,0.6548552099718965,0.2530122555979367
2022-03-31,Nifty 50,SHREECEM,32083.22,0.9925213833849225,0.2746457500964131
2022-03-31,Nifty 50,SBILIFE,49362.08,0.7575306438969012,0.24461947252523789
2022-03-31,Nifty 50,RELIANCE,909011.64,1.1056431438734324,0.251324528117215
2022-03-31,Nifty 50,POWERGRID,74101.63,0.5648131494965735,0.27066640458204083
2022-03-31,Nifty 50,ONGC,59795.33,0.5727519606262117,0.3521687817577139
2022-03-31,Nifty 50,NESTLEIND,62003.05,0.34058796487302073,0.17992921921424893
2022-03-31,Nifty 50,NTPC,64143.45,0.7698289057678689,0.26297726236834945
2022-03-31,Nifty 50,MARUTI,100501.19,0.9336403179644016,0.29371667347165903
2022-03-31,Nifty 50,M&M,77207.66,1.072847726953296,0.29510589478205834
2022-03-31,Nifty 50,LT,213579.96,1.049540557246129,0.24173526988318503
2022-03-31,Nifty 50,SBIN,189403.91,1.3117304229045568,0.29406962901730704
2022-03-31,Nifty 50,AXISBANK,200933.32,1.2016724500238436,0.28144028342817473
2022-09-30,Nifty 50,ADANIENT,94549.41,1.450027561118079,0.380272844791872
2022-09-30,Nifty 50,ADANIPORTS,58939.65,1.4106602386485616,0.3562903243085306
2022-09-30,Nifty 50,APOLLOHOSP,44748.86,0.900268777839078,0.37052858582312803
2022-09-30,Nifty 50,ULTRACEMCO,72226.87,0.9369070255484091,0.2758080848865002
2022-09-30,Nifty 50,HINDUNILVR,240751.1,0.703686426076503,0.24016849201818083
2022-09-30,Nifty 50,HINDALCO,57046.23,1.3064030765253483,0.4185377699364704
2022-09-30,Nifty 50,HEROMOTOCO,33110.14,0.882640161315047,0.28546378509135273
2022-09-30,Nifty 50,HDFCLIFE,50158.51,1.0063231332599378,0.2838362470507009
2022-09-30,Nifty 50,HDFCBANK,625432.04,1.0324279694556784,0.2530305324995208
2022-09-30,Nifty 50,HCLTECH,98673.34,0.8995800225612204,0.26234331094601915
2022-09-30,Nifty 50,GRASIM,62847.04,1.1743354648374218,0.303248408651917
2022-09-30,Nifty 50,WIPRO,58391.42,1.025939642865478,0.27619242584445675
2022-09-30,Nifty 50,DRREDDY,52681.95,0.5634650568305594,0.24118669562822148
2022-09-30,Nifty 50,DIVISLAB,47213.48,0.7355505238169462,0.29800442216232725
2022-09-30,Nifty 50,COALINDIA,44473.33,0.8672302187045068,0.3612297506128142
2022-09-30,Nifty 50,CIPLA,60284.35,0.26333573682679107,0.25040445078779355
2022-09-30,Nifty 50,BHARTIARTL,195801.28,0.7867185941304208,0.25130881719305836
2022-09-30,Nifty 50,BPCL,29092.28,0.9349830979461923,0.28108452870790335
2022-09-30,Nifty 50,BAJAJFINSV,101585.47,1.3768568344902203,0.34967906115276676
2022-09-30,Nifty 50,BAJFINANCE,195416.21,1.434779297105734,0.3433150749537305
2022-09-30,Nifty 50,BAJAJ-AUTO,45226.8,0.6955871756028058,0.2432281394383181
2022-09-30,Nifty 50,AXISBANK,193700.92,1.0683781584561651,0.288504077101018
2022-09-30,Nifty 50,ASIANPAINT,150685.32,0.7835760131047277,0.28322337466758907
2022-09-30,Nifty 50,ICICIBANK,600591.98,1.0388990836900096,0.26336348206811316
2022-09-30,Nifty 50,ITC,292449.51,0.7236159121764517,0.24462898710487974
2022-09-30,Nifty 50,EICHERMOT,51205.02,0.9728555100907073,0.30128849392459983
2022-09-30,Nifty 50,INFY,517428.08,1.0069819682256653,0.27530190984488806
2022-09-30,Nifty 50,INDUSINDBK,77178.93,1.3575870263150398,0.3865890082552479
2022-09-30,Nifty 50,UPL,35815.66,0.9302619189123201,0.30498950834010136
2022-09-30,Nifty 50,TITAN,108777.46,1.148108060717366,0.32034243564429604
2022-09-30,Nifty 50,TECHM,63799.36,1.2053566408441663,0.3228880741094361
2022-09-30,Nifty 50,TATASTEEL,80095.37,1.3024088087545889,0.4039484787771782
2022-09-30,Nifty 50,TATACONSUM,48091.41,0.9441096866304312,0.2823629706256839
2022-09-30,Nifty 50,SUNPHARMA,102425.81,0.6826792376750985,0.2428492736643085
2022-09-30,Nifty 50,SBIN,203622.16,1.0958618167598346,0.2718192209511521
2022-09-30,Nifty 50,SBILIFE,56310.41,0.8694829839971935,0.26869320518716133
2022-09-30,Nifty 50,TCS,307826.48,0.8361181245978722,0.23619379692824632
2022-09-30,Nifty 50,POWERGRID,72529.36,0.5181601184008174,0.27122818143256033
2022-09-30,Nifty 50,JSWSTEEL,59546.65,1.2166153828039372,0.36903069281826395
2022-09-30,Nifty 50,RELIANCE,820402.58,1.1085955362437871,0.28534929147621996
2022-09-30,Nifty 50,LT,223287.97,1.0568674479229057,0.2602916202030445
2022-09-30,Nifty 50,M&M,121399.49,1.006748283820718,0.30390106153603214
2022-09-30,Nifty 50,MARUTI,117339.56,0.91759879900639,0.3056296209954506
2022-09-30,Nifty 50,KOTAKBANK,267308.66,1.0570108709989587,0.27899784145532736
2022-09-30,Nifty 50,NESTLEIND,68296.81,0.5020903607349346,0.19200504155489284
2022-09-30,Nifty 50,ONGC,49450.56,0.5044035240943122,0.41233376869605604
2022-09-30,Nifty 50,NTPC,75855.56,0.7071005367100668,0.27495054902211363
2023-03-31,Nifty 50,COALINDIA,44766.67,0.8825042520504702,0.2815772657259521
2023-03-31,Nifty 50,HEROMOTOCO,30491.09,0.7259158512487197,0.23881210411356898
2023-03-31,Nifty 50,HDFCLIFE,49356.27,1.0261134369524267,0.28008938079878487
2023-03-31,Nifty 50,HDFCBANK,709489.13,1.1080253642081386,0.23130794109824926
2023-03-31,Nifty 50,HCLTECH,114855.2,0.9999104674263422,0.23395588401366596
2023-03-31,Nifty 50,GRASIM,60201.24,0.9146338696783252,0.229852886122638
2023-03-31,Nifty 50,EICHERMOT,40322.81,0.963392128788339,0.28151362780809336
2023-03-31,Nifty 50,DRREDDY,56196.28,0.48691993401465256,0.20633728238682544
2023-03-31,Nifty 50,DIVISLAB,35976.51,0.5204266906716258,0.2969166069131434
2023-03-31,Nifty 50,CIPLA,47244.15,0.511168959437874,0.21573710111609887
2023-03-31,Nifty 50,ADANIENT,47892.36,1.7969843665171892,0.712663593499519
2023-03-31,Nifty 50,BHARTIARTL,183734.14,0.7549024573327654,0.21319172069799375
2023-03-31,Nifty 50,BPCL,32862.44,0.7071003585641454,0.24695201140260242
2023-03-31,Nifty 50,BAJAJFINSV,68588.23,1.3404760091735894,0.31372438634065136
2023-03-31,Nifty 50,BAJFINANCE,149623.96,1.3303429281401982,0.3027104799883448
2023-03-31,Nifty 50,BAJAJ-AUTO,43968.74,0.604800580011476,0.2220448168089201
2023-03-31,Nifty 50,AXISBANK,235067.69,0.9910081766962235,0.24973984604351804
2023-03-31,Nifty 50,ASIANPAINT,124501.52,0.6182270336288025,0.23576181251012474
2023-03-31,Nifty 50,APOLLOHOSP,43388.89,0.779187220258396,0.2812939244887939
2023-03-31,Nifty 50,ADANIPORTS,47774.71,1.6949432526423387,0.4744391613011596
2023-03-31,Nifty 50,HINDALCO,59208.52,1.6622067011478097,0.3929939337719595
2023-03-31,Nifty 50,HINDUNILVR,228599.49,0.6490826120244814,0.2266210439507194
2023-03-31,Nifty 50,UPL,37168.48,1.1114466795816795,0.2788883495354804
2023-03-31,Nifty 50,ICICIBANK,612482.5,0.992185909948344,0.201979388003277
2023-03-31,Nifty 50,WIPRO,54120.47,1.1067568573814774,0.23365137435441377
2023-03-31,Nifty 50,TITAN,104936.59,1.0003726270480642,0.25798856598888237
2023-03-31,Nifty 50,TECHM,68695.32,1.1103029429577451,0.2900795647344236
2023-03-31,Nifty 50,TATASTEEL,84291.91,1.2785514242769813,0.35399765937112704
2023-03-31,Nifty 50,TATACONSUM,42145.91,0.7940116754274225,0.21893608889978536
2023-03-31,Nifty 50,TCS,328455.48,0.9905252231545112,0.21920020012278352
2023-03-31,Nifty 50,SUNPHARMA,106145.38,0.5365086688588216,0.19959001185850192
2023-03-31,Nifty 50,SBIN,200993.42,1.1283656589166646,0.24848829465876107
2023-03-31,Nifty 50,SBILIFE,49593.04,0.9419811263436897,0.25117578753567127
2023-03-31,Nifty 50,RELIANCE,788534.69,1.1131576112459745,0.24892607131114194
2023-03-31,Nifty 50,ULTRACEMCO,88015.28,0.8446735996602405,0.2338138827884179
2023-03-31,Nifty 50,ONGC,58907.79,0.621611462605003,0.3267536387894576
2023-03-31,Nifty 50,POWERGRID,77143.63,0.4683937021227347,0.23338944274779153
2023-03-31,Nifty 50,INDUSINDBK,69600.62,1.407724360305597,0.32678853371153194
2023-03-31,Nifty 50,INFY,509458.52,1.2241416769715938,0.2610367018333928
2023-03-31,Nifty 50,JSWSTEEL,64868.29,1.0989066535970762,0.31573728606522045
2023-03-31,Nifty 50,KOTAKBANK,254731.3,0.8624213902839636,0.20956852848115687
2023-03-31,Nifty 50,ITC,338188.63,0.5627563805031608,0.19968300924026788
2023-03-31,Nifty 50,M&M,103743.13,0.99293496234718,0.26003195371151483
2023-03-31,Nifty 50,MARUTI,110215.3,0.7351206816998432,0.22054566304226572
2023-03-31,Nifty 50,NTPC,83196.43,0.5702128043729381,0.23958951545084553
2023-03-31,Nifty 50,NESTLEIND,70293.47,0.6116483208265858,0.1903184659834062
2023-03-31,Nifty 50,LT,261581.52,1.017577181054028,0.22721937625486116
2023-09-30,Nifty 50,COALINDIA,67311.78,0.7583298291273622,0.21816585692648693
2023-09-30,Nifty 50,HDFCLIFE,68519.35,0.9926271245404155,0.26464069314946537
2023-09-30,Nifty 50,HDFCBANK,1145386.8,1.2094925976605349,0.18167524946992533
2023-09-30,Nifty 50,HCLTECH,130682.51,1.0262535886856408,0.20463510630855508
2023-09-30,Nifty 50,GRASIM,71622.37,0.969975255611415,0.17880785768701904
2023-09-30,Nifty 50,EICHERMOT,47180.04,0.89231917475246,0.23900766057431352
2023-09-30,Nifty 50,DRREDDY,68023.33,0.4058326010884271,0.18389641851049865
2023-09-30,Nifty 50,DIVISLAB,47977.39,0.30866451361641206,0.2966900831759207
2023-09-30,Nifty 50,HEROMOTOCO,39718.21,0.7442082069088927,0.212426045280673
2023-09-30,Nifty 50,BAJAJFINSV,83553.36,1.1990232794254707,0.2293668866046823
2023-09-30,Nifty 50,BHARTIARTL,233675.61,0.7234252017570262,0.1781970780571253
2023-09-30,Nifty 50,BPCL,33081.97,0.46936772093027057,0.21896432742645341
2023-09-30,Nifty 50,HINDALCO,71960.93,1.498783020569467,0.3040245692463189
2023-09-30,Nifty 50,BAJFINANCE,208237.84,1.1329916407711538,0.23751768056344397
2023-09-30,Nifty 50,BAJAJ-AUTO,57312.45,0.6117757223627108,0.2016984949187409
2023-09-30,Nifty 50,AXISBANK,287510.38,0.8597851479488059,0.20038857841203828
2023-09-30,Nifty 50,ASIANPAINT,142507.39,0.4158990341649965,0.17229848778185455
2023-09-30,Nifty 50,APOLLOHOSP,51711.07,0.5572430899644004,0.21731749033921746
2023-09-30,Nifty 50,ADANIPORTS,65950.23,1.932744069679404,0.44266943054762736
2023-09-30,Nifty 50,ADANIENT,79803.61,2.4778954782439317,0.7411100896695633
2023-09-30,Nifty 50,CIPLA,62243.98,0.3279527373141943,0.20325973826803767
2023-09-30,Nifty 50,HINDUNILVR,220139.78,0.5577118394133784,0.1725422055113048
2023-09-30,Nifty 50,KOTAKBANK,255271.79,0.8372750542519634,0.1728810336163293
2023-09-30,Nifty 50,ITC,393487.28,0.7170534288970939,0.17986472933982098
2023-09-30,Nifty 50,UPL,30991.65,1.1015605413719696,0.21962231973515547
2023-09-30,Nifty 50,TITAN,131386.67,0.6298968334206642,0.18733760477221556
2023-09-30,Nifty 50,TECHM,76342.17,0.9718586102326628,0.24705013273047438
2023-09-30,Nifty 50,TATASTEEL,103973.47,1.1949455156616666,0.23846989763846294
2023-09-30,Nifty 50,TATACONSUM,52952.27,0.8692552455463535,0.18549508683945254
2023-09-30,Nifty 50,TCS,361517.2,0.9659620082265865,0.17789176923439168
2023-09-30,Nifty 50,SUNPHARMA,125099.53,0.396036344803972,0.1568257151052053
2023-09-30,Nifty 50,SBIN,229698.54,1.2351852648658832,0.21625783374626104
2023-09-30,Nifty 50,SBILIFE,58804.1,0.9951635781076427,0.20482103889879893
2023-09-30,Nifty 50,RELIANCE,793269.35,1.250459450351649,0.18552362618502868
2023-09-30,Nifty 50,POWERGRID,91031.99,0.5335696308298936,0.21940774703222754
2023-09-30,Nifty 50,NESTLEIND,80290.7,0.5693801043502691,0.1634147703054818
2023-09-30,Nifty 50,NTPC,116669.8,0.6975548038621445,0.20017678260724203
2023-09-30,Nifty 50,MARUTI,141031.03,0.6566512474863311,0.1724694016289896
2023-09-30,Nifty 50,M&M,139158.34,1.0134167880270892,0.22324516207237213
2023-09-30,Nifty 50,LT,365504.23,0.8416259759601106,0.19089974516504635
2023-09-30,Nifty 50,LTIM,47791.66,1.186926344103246,0.2525442630011761
2023-09-30,Nifty 50,JSWSTEEL,72446.08,1.1324656311079948,0.2274919256878096
2023-09-30,Nifty 50,INFY,512356.28,1.3539853090182217,0.23515564585852003
2023-09-30,Nifty 50,INDUSINDBK,93251.91,1.3899381293830677,0.2660125422581315
2023-09-30,Nifty 50,ICICIBANK,666612.56,0.9437427874519277,0.15731834010119902
2023-09-30,Nifty 50,ONGC,74819.32,0.5326114289207902,0.19848038792093206
2023-09-30,Nifty 50,WIPRO,57247.87,1.0910475241635478,0.18818396558788497
2023-09-30,Nifty 50,ULTRACEMCO,95322.5,0.740644442845916,0.17946332586526503
2024-03-31,Nifty 50,INFY,534746.06,1.2054317218187214,0.24795574535159134
2024-03-31,Nifty 50,JSWSTEEL,79178.42,1.2380486939543496,0.20670355305497548
2024-03-31,Nifty 50,KOTAKBANK,262654.6,0.9605169346395216,0.177176538743166
2024-03-31,Nifty 50,LTIM,45339.77,1.0905330189914673,0.26064942285710757
2024-03-31,Nifty 50,LT,444961.3,1.0206534404771312,0.2095889854275163
2024-03-31,Nifty 50,M&M,183972.57,1.146636561901873,0.25164633095935723
2024-03-31,Nifty 50,MARUTI,166386.46,0.7148183348226553,0.18085969535827515
2024-03-31,Nifty 50,NTPC,159550.88,1.215967938110889,0.2456016657385153
2024-03-31,Nifty 50,NESTLEIND,93549.23,0.5305506415646367,0.1801170671074127
2024-03-31,Nifty 50,ONGC,104536.46,1.2158161140714872,0.25397541826888265
2024-03-31,Nifty 50,POWERGRID,126191.52,0.8874419019942474,0.260155398904925
2024-03-31,Nifty 50,RELIANCE,1005280.11,1.2436322649827867,0.1862846424739001
2024-03-31,Nifty 50,SBILIFE,67604.2,0.9003053533551044,0.20172744750842986
2024-03-31,Nifty 50,SHRIRAMFIN,65622.89,0.9301966838810307,0.3116645696378316
2024-03-31,Nifty 50,SBIN,288720.57,1.0486070572686295,0.20382039982039088
2024-03-31,Nifty 50,SUNPHARMA,174970.9,0.4762032338656532,0.17248109659026714
2024-03-31,Nifty 50,TCS,392694.19,0.8724888792833602,0.1936330451805894
2024-03-31,Nifty 50,TATACONSUM,68936.84,0.8788916853048268,0.20738992500339018
2024-03-31,Nifty 50,TATASTEEL,128406.81,1.4340366339976858,0.23752667076060874
2024-03-31,Nifty 50,TECHM,79225.47,1.203365487526957,0.23510404275911453
2024-03-31,Nifty 50,INDUSINDBK,102737.49,1.1780973156804757,0.23897017846604315
2024-03-31,Nifty 50,ITC,379597.08,0.680430058782995,0.17825602097919474
2024-03-31,Nifty 50,ULTRACEMCO,112579.38,0.9451335168204862,0.1883081059877987
2024-03-31,Nifty 50,HINDUNILVR,202171.29,0.7007203672405831,0.16026725648835993
2024-03-31,Nifty 50,ADANIENT,83828.04,1.5631908119880384,0.429928149416711
2024-03-31,Nifty 50,ADANIPORTS,98551.8,1.3376250579683797,0.32028150526952504
2024-03-31,Nifty 50,APOLLOHOSP,63980.72,0.6744395880365007,0.22424693073229318
2024-03-31,Nifty 50,ASIANPAINT,128338.03,0.6428267407315407,0.1638146299522082
2024-03-31,Nifty 50,AXISBANK,297312.0,0.8827144404507392,0.1962508360650325
2024-03-31,Nifty 50,BAJAJ-AUTO,103622.84,0.6518632621997662,0.23000212309031665
2024-03-31,Nifty 50,BAJFINANCE,201815.24,0.8678576540354761,0.2291484566813609
2024-03-31,Nifty 50,BAJAJFINSV,89173.31,0.85939474519684,0.19911457056014972
2024-03-31,Nifty 50,BPCL,57497.35,1.167046124194015,0.29100288740361985
2024-03-31,Nifty 50,BHARTIARTL,319600.64,0.6200840971113424,0.177253957920825
2024-03-31,Nifty 50,TITAN,158633.71,0.7323811486485623,0.1736098247388684
2024-03-31,Nifty 50,COALINDIA,98983.89,1.238255393004207,0.28520530702471514
2024-03-31,Nifty 50,DIVISLAB,43901.71,0.7340306399229954,0.24782907173445448
2024-03-31,Nifty 50,DRREDDY,74989.26,0.4938743054967709,0.2036122007738746
2024-03-31,Nifty 50,EICHERMOT,55025.35,0.9375744872850036,0.24707899002674438
2024-03-31,Nifty 50,GRASIM,84343.81,1.070939012433172,0.19733481787968205
2024-03-31,Nifty 50,HCLTECH,163358.43,0.9638588202219838,0.21811095009463477
2024-03-31,Nifty 50,HDFCBANK,1088916.09,1.213065507423635,0.18997329185550432
2024-03-31,Nifty 50,HDFCLIFE,66750.18,0.7071840013403823,0.2423466991326798
2024-03-31,Nifty 50,HEROMOTOCO,61365.88,0.8812138516819479,0.24946129229612848
2024-03-31,Nifty 50,HINDALCO,81835.2,1.287270699119183,0.2766777527473527
2024-03-31,Nifty 50,CIPLA,78558.07,0.21755052713215176,0.2349742694560749
2024-03-31,Nifty 50,ICICIBANK,767656.85,0.8255876529855528,0.15675690440299
2024-03-31,Nifty 50,WIPRO,67730.01,1.2762116410443913,0.23059112417561617
2024-09-30,Nifty 50,WIPRO,,1.0722451847624943,0.280341278738767
2024-09-30,Nifty 50,HINDUNILVR,,0.2539554362710169,0.1918221898241505
2024-09-30,Nifty 50,HINDALCO,,1.1339157552091605,0.30507845285034735
2024-09-30,Nifty 50,HEROMOTOCO,,0.5793175619627224,0.257431761406099
2024-09-30,Nifty 50,HDFCLIFE,,0.6230769329479733,0.23516256987743592
2024-09-30,Nifty 50,HDFCBANK,,0.9906213982640303,0.21255601512191713
2024-09-30,Nifty 50,HCLTECH,,0.6952476984174343,0.22989538605676407
2024-09-30,Nifty 50,GRASIM,,0.9688847074329529,0.2307283007136874
2024-09-30,Nifty 50,EICHERMOT,,0.8595019257487511,0.2482876296693099
2024-09-30,Nifty 50,DRREDDY,,0.4125705222242639,0.19905618657666274
2024-09-30,Nifty 50,COALINDIA,,1.5543248897858561,0.34395911478859753
2024-09-30,Nifty 50,CIPLA,,0.2827546142639687,0.24139069766375917
2024-09-30,Nifty 50,BHARTIARTL,,0.8893529917671983,0.22195540063811264
2024-09-30,Nifty 50,BPCL,,1.4020910149650967,0.35224582373209984
2024-09-30,Nifty 50,BEL,,1.7377684602109864,0.3829940485401919
2024-09-30,Nifty 50,BAJAJFINSV,,0.9938815314007683,0.22202119966239628
2024-09-30,Nifty 50,BAJFINANCE,,1.045854423724302,0.25248366438000713
2024-09-30,Nifty 50,BAJAJ-AUTO,,0.5469372055935989,0.24402083806804942
2024-09-30,Nifty 50,AXISBANK,,1.1136744816100619,0.24468426432851945
2024-09-30,Nifty 50,ASIANPAINT,,0.5056824978796497,0.1810383620795356
2024-09-30,Nifty 50,APOLLOHOSP,,0.5215198027357181,0.21580249402897234
2024-09-30,Nifty 50,ICICIBANK,,0.9941164377808009,0.20423933157690363
2024-09-30,Nifty 50,ITC,,0.5871115228370676,0.18371263652124387
2024-09-30,Nifty 50,INDUSINDBK,,1.2121285025567985,0.2543180781608405
2024-09-30,Nifty 50,INFY,,0.7950975846612157,0.2224219720496369
2024-09-30,Nifty 50,ULTRACEMCO,,1.1282244641138615,0.22964608816231513
2024-09-30,Nifty 50,TRENT,,0.8558054081775923,0.36285926467521556
2024-09-30,Nifty 50,TITAN,,0.6908520132350895,0.2243878391389251
2024-09-30,Nifty 50,TECHM,,0.8784421373479384,0.24924990835145966
2024-09-30,Nifty 50,TATASTEEL,,1.5145892467875965,0.29253805052043635
2024-09-30,Nifty 50,TATACONSUM,,0.496945841594879,0.21981592509214912
2024-09-30,Nifty 50,TCS,,0.6182112055228555,0.20779067762968925
2024-09-30,Nifty 50,SUNPHARMA,,0.4653154382481143,0.18630598532438752
2024-09-30,Nifty 50,SBIN,,1.4926378403753815,0.28452018292517517
2024-09-30,Nifty 50,ADANIENT,,2.0192185580787188,0.4074094196941942
2024-09-30,Nifty 50,SHRIRAMFIN,,1.5539545761061815,0.34429740809596454
2024-09-30,Nifty 50,RELIANCE,,1.1659075552182445,0.21455397932008097
2024-09-30,Nifty 50,POWERGRID,,1.2901740166534275,0.3049477356824476
2024-09-30,Nifty 50,ONGC,,1.7916103843584898,0.3690868129543966
2024-09-30,Nifty 50,NESTLEIND,,0.32518123110148683,0.1954975563290996
2024-09-30,Nifty 50,NTPC,,1.564046081600773,0.31557954962548573
2024-09-30,Nifty 50,MARUTI,,0.7812843253831171,0.21463888387427787
2024-09-30,Nifty 50,M&M,,1.240795270274761,0.30018595286757244
2024-09-30,Nifty 50,LT,,1.4187449056849242,0.2689096927955661
2024-09-30,Nifty 50,KOTAKBANK,,0.8272102555940314,0.2245482271845963
2024-09-30,Nifty 50,JSWSTEEL,,1.354459198588867,0.2604323408970728
2024-09-30,Nifty 50,SBILIFE,,0.7796803138529345,0.23779952299336052
2024-09-30,Nifty 50,ADANIPORTS,,2.0555725606838413,0.40100736727543446
2025-03-31,Nifty 50,WIPRO,,1.061637024597081,0.2889954244312171
2025-03-31,Nifty 50,ULTRACEMCO,,1.16298141933592,0.2518846642279258
2025-03-31,Nifty 50,HINDUNILVR,,0.2596903196900213,0.20546607103489062
2025-03-31,Nifty 50,HINDALCO,,1.1026845998080437,0.29814924064476356
2025-03-31,Nifty 50,HEROMOTOCO,,0.6731765149654383,0.24567311710932366
2025-03-31,Nifty 50,HDFCLIFE,,0.7051721662348418,0.2405133052546242
2025-03-31,Nifty 50,HDFCBANK,,0.8888062835403208,0.2034237709349226
2025-03-31,Nifty 50,HCLTECH,,0.6773358307126024,0.23558982219407643
2025-03-31,Nifty 50,GRASIM,,0.9919810415929295,0.2347236045154831
2025-03-31,Nifty 50,EICHERMOT,,0.962538347956641,0.2606918094400035
2025-03-31,Nifty 50,COALINDIA,,1.3991128768814287,0.30546195563339523
2025-03-31,Nifty 50,CIPLA,,0.48421164699466684,0.24051450821561646
2025-03-31,Nifty 50,BHARTIARTL,,0.9471822509703773,0.23458309119826795
2025-03-31,Nifty 50,BEL,,1.8483673129655562,0.40400318372052063
2025-03-31,Nifty 50,BAJAJFINSV,,1.1197347190478224,0.2490291871485938
2025-03-31,Nifty 50,BAJFINANCE,,1.1325230728706521,0.26603909711456747
2025-03-31,Nifty 50,BAJAJ-AUTO,,0.7841248107114329,0.27686207378024247
2025-03-31,Nifty 50,AXISBANK,,1.0982515366312624,0.24329761291559054
2025-03-31,Nifty 50,ASIANPAINT,,0.5843488283017669,0.2192314624731254
2025-03-31,Nifty 50,APOLLOHOSP,,0.557245478167332,0.2240865192228502
2025-03-31,Nifty 50,ADANIPORTS,,2.0533457727382283,0.40422651478099764
2025-03-31,Nifty 50,ADANIENT,,1.9374149034993318,0.45552277171079314
2025-03-31,Nifty 50,ICICIBANK,,0.967468159330511,0.20343334386361975
2025-03-31,Nifty 50,ITC,,0.6236016025540029,0.18741137582538817
2025-03-31,Nifty 50,DRREDDY,,0.48610567456198883,0.205090969347207
2025-03-31,Nifty 50,INFY,,0.7514890860487284,0.23315279933025057
2025-03-31,Nifty 50,INDUSINDBK,,1.168734722762319,0.4238776892057322
2025-03-31,Nifty 50,TITAN,,0.7403781165509552,0.2411700869224273
2025-03-31,Nifty 50,TECHM,,0.8470434367558859,0.26475186429931874
2025-03-31,Nifty 50,TATASTEEL,,1.3412052402446646,0.28459894376529593
2025-03-31,Nifty 50,TATACONSUM,,0.6033862249687806,0.2454361392415643
2025-03-31,Nifty 50,TCS,,0.6495175607053183,0.20903068109612846
2025-03-31,Nifty 50,SUNPHARMA,,0.5563642123564623,0.19627986065003816
2025-03-31,Nifty 50,SBIN,,1.4416726048844226,0.283359177857672
2025-03-31,Nifty 50,SHRIRAMFIN,,1.6237201572151387,0.3648609279444698
2025-03-31,Nifty 50,SBILIFE,,0.7418740416558766,0.24286945202785287
2025-03-31,Nifty 50,TRENT,,1.0586808172637416,0.3735422608543512
2025-03-31,Nifty 50,JSWSTEEL,,1.204114618470415,0.25843984085735583
2025-03-31,Nifty 50,POWERGRID,,1.3380218921016156,0.295647416266355
2025-03-31,Nifty 50,ONGC,,1.6172049112224076,0.3556854047453322
2025-03-31,Nifty 50,NESTLEIND,,0.40558777025771897,0.19091937707587867
2025-03-31,Nifty 50,NTPC,,1.5568096410884322,0.3189512547949291
2025-03-31,Nifty 50,MARUTI,,0.8107168909078032,0.22520600938056876
2025-03-31,Nifty 50,M&M,,1.2961841420794218,0.32554321288294974
2025-03-31,Nifty 50,LT,,1.4018157558267674,0.2835427768786942
2025-03-31,Nifty 50,KOTAKBANK,,0.8677726945480436,0.2567840582680457
2025-03-31,Nifty 50,JIOFIN,,1.35618100545823,0.327103380362672
2025-03-31,Nifty 50,RELIANCE,,1.1587932314644043,0.21797482198039905
2025-09-30,Nifty 50,NESTLEIND,,0.685590488670135,0.19817024311617884
2025-09-30,Nifty 50,NTPC,,1.0564504501017797,0.23194698139960485
2025-09-30,Nifty 50,MAXHEALTH,,0.972868003890029,0.3463526382102016
2025-09-30,Nifty 50,MARUTI,,0.8360074236162663,0.2195765966216074
2025-09-30,Nifty 50,JSWSTEEL,,1.10810662375649,0.24325703785566516
2025-09-30,Nifty 50,LT,,1.163867548385899,0.24155054810824722
2025-09-30,Nifty 50,KOTAKBANK,,0.9603144656170591,0.2347118566600324
2025-09-30,Nifty 50,JIOFIN,,1.590749531248958,0.3167684385123426
2025-09-30,Nifty 50,ONGC,,1.0557731545752724,0.24732631433081706
2025-09-30,Nifty 50,M&M,,1.3568311985763775,0.2976668608821891
2025-09-30,Nifty 50,POWERGRID,,1.0137448581243336,0.23606350911561355
2025-09-30,Nifty 50,TCS,,0.8705150207650527,0.20627176685088203
2025-09-30,Nifty 50,SBILIFE,,0.8235410608199769,0.22122729487491058
2025-09-30,Nifty 50,SHRIRAMFIN,,1.6441148308288425,0.3527605640774458
2025-09-30,Nifty 50,SBIN,,0.9811611111879546,0.20834176321408976
2025-09-30,Nifty 50,SUNPHARMA,,0.6226364480566283,0.20505296458223551
2025-09-30,Nifty 50,TATACONSUM,,0.8744270899894073,0.24060262242491945
2025-09-30,Nifty 50,TATASTEEL,,1.325556321378312,0.2804927345492275
2025-09-30,Nifty 50,TECHM,,1.0445616892703355,0.2587123941355039
2025-09-30,Nifty 50,TITAN,,0.8066931453695755,0.21593159213529559
2025-09-30,Nifty 50,TRENT,,1.4152162524392025,0.3997727540225776
2025-09-30,Nifty 50,RELIANCE,,1.1935444319412642,0.21026855046595627
2025-09-30,Nifty 50,INDIGO,,0.9912163568718878,0.28544226280358553
2025-09-30,Nifty 50,ADANIENT,,1.5995152416013356,0.4159596458373888
2025-09-30,Nifty 50,ITC,,0.555924033023365,0.16666731712513347
2025-09-30,Nifty 50,ULTRACEMCO,,0.9634949406182888,0.2228100425686931
2025-09-30,Nifty 50,ADANIPORTS,,1.4422711720328627,0.321286655760813
2025-09-30,Nifty 50,APOLLOHOSP,,0.745102797359409,0.22900760043803742
2025-09-30,Nifty 50,ASIANPAINT,,0.7188240389942865,0.21058155866836697
2025-09-30,Nifty 50,AXISBANK,,1.0647742970224552,0.22504941917359572
2025-09-30,Nifty 50,BAJAJ-AUTO,,1.1575654728884262,0.28362540091439814
2025-09-30,Nifty 50,BAJFINANCE,,1.1406149015029634,0.2647063974194505
2025-09-30,Nifty 50,BAJAJFINSV,,1.1913786711435,0.24697308150380573
2025-09-30,Nifty 50,BEL,,1.22841173819659,0.3111146376436416
2025-09-30,Nifty 50,BHARTIARTL,,0.9185897957574315,0.20807825116530984
2025-09-30,Nifty 50,INFY,,1.0885005047704486,0.2561620247805704
2025-09-30,Nifty 50,CIPLA,,0.7266980597681789,0.23133548055060255
2025-09-30,Nifty 50,DRREDDY,,0.66429917188346,0.21354064252048788
2025-09-30,Nifty 50,EICHERMOT,,1.1001538258212333,0.25011558692735336
2025-09-30,Nifty 50,ETERNAL,,1.3063442527704208,0.3982589214815142
2025-09-30,Nifty 50,GRASIM,,1.0927266856955788,0.21818457933450747
2025-09-30,Nifty 50,HCLTECH,,1.0550200935234075,0.255227784397309
2025-09-30,Nifty 50,HDFCBANK,,0.9095466351590692,0.17648765131272917
2025-09-30,Nifty 50,HDFCLIFE,,0.7936416095304256,0.21970788763027305
2025-09-30,Nifty 50,HINDALCO,,1.2161759144093458,0.27780338725489867
2025-09-30,Nifty 50,HINDUNILVR,,0.4418552298965378,0.1950199973169565
2025-09-30,Nifty 50,ICICIBANK,,0.8804232561474019,0.1732726532579055
2025-09-30,Nifty 50,COALINDIA,,0.9330427907031171,0.21354041074073202
2025-09-30,Nifty 50,WIPRO,,1.065042461930948,0.2640565101448465
