Date,Portfolio,NIFTY50
2021-03-31,100.0,100.0
2021-04-01,101.21928702506769,101.20245741669194
2021-04-05,99.77805371320181,99.63990558706058
2021-04-06,99.99741256341834,99.95098807261213
2021-04-07,101.10973904059759,100.87367931867517
2021-04-08,101.75586262080658,101.2463640734663
2021-04-09,101.29341820211275,100.98122902343701
2021-04-12,97.90564836215991,97.41400759954102
2021-04-13,99.18433006832143,98.7345709315863
2021-04-15,99.68779323329923,99.256332247289
2021-04-16,99.35337912402419,99.5041040592419
2021-04-19,97.65785096578117,97.74517214567014
2021-04-20,97.30970729005524,97.31599039225303
2021-04-22,98.15644348199922,98.06306165870643
2021-04-23,97.57183938764588,97.62196095970323
2021-04-26,98.88710259683016,98.59979311688546
2021-04-27,100.2094486225881,99.74371275620337
2021-04-28,101.54753851101299,101.18339906923204
2021-04-29,101.85780202857333,101.38999634188757
2021-04-30,100.21157081576943,99.59429717341509
2021-05-03,100.05147197423159,99.61506392523383
2021-05-04,99.279926529898,98.6780739329603
2021-05-05,100.09023584493293,99.5041040592419
2021-05-06,100.71325385733827,100.23211697823567
2021-05-07,101.1586151344344,100.90159211985537
2021-05-10,101.95091633926432,101.7129844780497
2021-05-11,101.56085961103858,101.08946341943985
2021-05-12,100.56343083702706,100.03947942991422
2021-05-14,100.5262945596429,99.91218668645143
2021-05-17,102.2870126643638,101.58229486833226
2021-05-18,103.65568271780919,102.84124928365014
2021-05-19,103.27318401795242,102.3106468092027
2021-05-20,102.42110880005035,101.46589070985006
2021-05-21,104.25269968278114,103.2986828601242
2021-05-24,104.45050374453085,103.45116293477813
2021-05-25,104.65180760953908,103.52433848023945
2021-05-26,105.20934579390774,104.15739203632309
2021-05-27,105.76130968653858,104.40516384827589
2021-05-28,106.69889081222179,105.07089645427672
2021-05-31,107.8972480690575,106.07254656016782
2021-06-01,107.5602640208898,106.01842936216626
2021-06-02,107.77148384868298,106.02762283776332
2021-06-03,108.85351803806876,106.80464103665719
2021-06-04,108.69260131203515,106.66782244320842
2021-06-07,109.35271020815365,107.22191713946367
2021-06-08,109.16062610200277,107.1432906540245
2021-06-09,108.40085569996285,106.43025452499477
2021-06-10,108.93744831056613,107.12729679843027
2021-06-11,109.51065189767206,107.54660703249701
2021-06-14,109.64556040479543,107.6316948760567
2021-06-15,110.11363357300954,108.02242091267757
2021-06-16,109.32358629878591,107.33014488797892
2021-06-17,109.05687184646828,106.81179373350645
2021-06-18,108.97934979431778,106.7569918442638
2021-06-21,109.44463032229694,107.18685828892207
2021-06-22,109.71000955230592,107.36554276039728
2021-06-23,109.13404261459499,106.78150113170169
2021-06-24,110.05645245241385,107.48602847637527
2021-06-25,110.42797061466271,107.96183570906803
2021-06-28,109.89906769259466,107.65109889288082
2021-06-29,109.26419904233104,107.20013332201496
2021-06-30,109.23582509093337,107.01668260180288
2021-07-01,108.95446982709436,106.73419096118492
2021-07-02,109.20031424049859,107.02144885053973
2021-07-05,110.04169828591539,107.78485299446392
2021-07-06,110.10186560540673,107.67526251095438
2021-07-07,110.3634992788927,108.09321665751435
2021-07-08,109.24565247942995,107.06025023670045
2021-07-09,108.78544132901379,106.80089850103805
2021-07-12,109.02091627808133,106.81995684849788
2021-07-13,109.90326035938669,107.63509838979903
2021-07-14,110.09583171475263,107.91827472165814
2021-07-15,110.520838372554,108.3964684024632
2021-07-16,110.539504652704,108.39102410997302
2021-07-19,109.33095159512413,107.2270224100774
2021-07-20,108.78079908905356,106.40813168566928
2021-07-22,109.91983491177547,107.71474194086841
2021-07-23,109.96549059683281,107.93256682038097
2021-07-26,109.62388918313873,107.71746741085741
2021-07-27,109.38223085327077,107.18651926704545
2021-07-28,109.15620914441921,106.93432022823227
2021-07-29,109.61731168746753,107.40434414655797
2021-07-30,109.2452895137658,107.2995132642975
2021-08-02,110.30371381856096,108.13065530868057
2021-08-03,111.64839377139498,109.80245859994469
2021-08-04,112.52142005796154,110.67409713987193
2021-08-05,112.66300460717477,110.91778739432911
2021-08-06,112.30450431504622,110.53387503268077
2021-08-09,112.26182565926032,110.67035460425281
2021-08-10,112.04422945850547,110.81908549579992
2021-08-11,112.13767784083362,110.83372326388732
2021-08-12,112.62839938978159,111.3929232307563
2021-08-13,113.85714144674543,112.51403533950759
2021-08-16,113.83502039393613,112.74514189960072
2021-08-17,113.95200407502466,113.09603618945528
2021-08-18,113.67454221467766,112.78461468202707
2021-08-20,112.70814571202476,111.97900563819971
2021-08-23,112.80618055806207,112.29178323313465
2021-08-24,113.74487807241438,113.16410646430303
2021-08-25,113.84595921310246,113.2325224085151
2021-08-26,113.93383885978048,113.24783822035589
2021-08-27,114.48317125779728,113.71275022058025
2021-08-30,115.9578284282001,115.25012801399599
2021-08-31,117.12146419605958,116.61935095657698
2021-09-01,116.96123854775354,116.23850308679427
2021-09-02,118.28955289689851,117.3133353856345
2021-09-03,119.22117561914192,117.92221867615685
2021-09-06,119.46935840434183,118.29116754281672
2021-09-07,119.2934488584549,118.18428923432049
2021-09-08,119.49808439840182,118.12575145694662
2021-09-09,119.3664860318652,118.2329621398317
2021-09-13,119.16727438828458,118.13800942440938
2021-09-14,119.4468978388495,118.30613768529304
2021-09-15,120.49071672570024,119.25537235005386
2021-09-16,121.34939068812342,120.00449104274287
2021-09-17,120.83832321298121,119.70260203278858
2021-09-20,119.4236333365746,118.42117910878072
2021-09-21,120.29336581696866,119.54501668752104
2021-09-22,120.28717750543747,119.4405314746248
2021-09-23,122.23374272323457,121.32130519168139
2021-09-24,122.60099866958683,121.52721777309561
2021-09-27,122.94421924706627,121.54015378431173
2021-09-28,122.86500950156862,120.8152053571838
2021-09-29,122.85846546699814,120.56131120898735
2021-09-30,121.92455605079631,119.92723393978599
2021-10-01,121.52059023779927,119.34115153234248
2021-10-04,122.4299922405754,120.42482498992743
2021-10-05,123.05258809018376,121.3168912597967
2021-10-06,121.88289988775409,120.11680699624165
2021-10-07,123.0885689952053,121.0993987546729
2021-10-08,123.9452239248398,121.81311292745609
2021-10-11,124.09568133340984,122.15856957230793
2021-10-12,124.2858240102909,122.4716928366075
2021-10-13,125.54810743894804,123.62753142151146
2021-10-14,126.90254533056486,124.83101919880886
2021-10-18,128.09535950247962,125.77379250544945
2021-10-19,127.77234496749708,125.37693748509724
2021-10-20,126.809833862296,124.34124559429442
2021-10-21,126.22813964369735,123.73882366189228
2021-10-22,125.59778068298655,123.3086248428451
2021-10-25,125.82695894612999,123.38009863143517
2021-10-26,126.95969663714837,124.35350356175717
2021-10-27,126.48862671394913,123.96243185577191
2021-10-28,124.00851477892144,121.55479155239921
2021-10-29,122.83893675463182,120.29140991022106
2021-11-01,124.51611732780916,122.0476230012916
2021-11-02,124.30109902911583,121.77056900567622
2021-11-03,124.04445700828126,121.36384911346127
2021-11-04,124.81705327570137,121.96015535710754
2021-11-08,125.95096227836518,122.99312177792127
2021-11-09,125.9530300117321,122.82770569205113
2021-11-10,125.91886606965848,122.64357028059788
2021-11-11,125.18330635998369,121.66608379278014
2021-11-12,126.62622594937973,123.22591679991004
2021-11-15,126.68598759909324,123.27151856606775
2021-11-16,125.96824917554392,122.52104378587197
2021-11-17,125.16722029026216,121.83660514926373
2021-11-18,124.29914882249342,120.92548717942255
2021-11-22,121.4584381133518,118.55493985785147
2021-11-23,121.80485532473244,119.14578186654423
2021-11-24,120.96364238009568,118.54472931662437
2021-11-25,122.20901863108737,119.36973572978825
2021-11-26,118.7028614826031,115.89950780006248
2021-11-29,119.16283573119975,116.08670105589366
2021-11-30,118.822803741502,115.60510386134624
2021-12-01,120.13056106351758,116.85556278728377
2021-12-02,121.39757815348248,118.45351248933338
2021-12-03,119.99143352611024,117.05840422934443
2021-12-06,118.01909371141745,115.12215057929211
2021-12-07,119.91036230894923,116.92226367964906
2021-12-08,121.97102857900329,118.91706840205096
2021-12-09,122.65889656048365,119.23767673758847
2021-12-10,122.78850972021932,119.19990571203351
2021-12-13,121.65026623288226,118.226155112347
2021-12-14,121.04983771666681,117.93107312987725
2021-12-15,120.40561662737099,117.22654578520368
2021-12-16,120.83713177875306,117.41033552729239
2021-12-17,119.0957772175677,115.61871791631584
2021-12-20,116.19362016364178,113.09331071946625
2021-12-21,117.17839260165563,114.15963423395061
2021-12-22,118.50559657984489,115.41620884864388
2021-12-23,119.40577366716273,116.21365477747976
2021-12-24,118.84750240773323,115.7449935941485
2021-12-27,119.3316552304787,116.30657336164192
2021-12-28,120.40743682478958,117.30720640190316
2021-12-29,120.07407601528841,117.17344565283216
2021-12-30,119.78024102193889,117.10775517860905
2021-12-31,120.9800678214438,118.12950064005345
2022-01-03,123.04577911508025,119.97861902031065
2022-01-04,124.3810363638976,121.2008261231912
2022-01-05,125.50128640099894,122.01766942136356
2022-01-06,124.09585843510453,120.79683170096527
2022-01-07,124.77759885845205,121.2515331599626
2022-01-10,126.52859630741753,122.54896323453994
2022-01-11,126.76945400597353,122.90598650812585
2022-01-12,127.85307952907112,123.97196435324567
2022-01-13,128.00462506165542,124.28135172941386
2022-01-14,128.51414701541685,124.26739200507984
2022-01-17,129.34428379797177,124.62373723491244
2022-01-18,128.14301179111376,123.2960345009934
2022-01-19,126.82642668191797,122.10718449178329
2022-01-20,125.62718268758243,120.87238704705103
2022-01-21,124.65318297620804,119.92042691230127
2022-01-24,121.23938225324456,116.73439238006466
2022-01-25,122.10236885038015,117.61147521248209
2022-01-27,120.90479474446055,116.46926397752301
2022-01-28,120.81368464133323,116.41343837516271
2022-01-31,122.57808593458388,118.03283287278444
2022-02-01,124.4594288392651,119.64609838667472
2022-02-02,125.89559743177338,121.02894867920071
2022-02-03,124.5022632475151,119.53275872005828
2022-02-04,124.16939729350311,119.23394084945727
2022-02-07,121.93880074696604,117.17344565283216
2022-02-08,122.28323582898548,117.53524182264286
2022-02-09,123.69548566575423,118.8765719065068
2022-02-10,124.65529637612016,119.84350218373308
2022-02-11,122.98180173199398,118.270400790998
2022-02-14,119.40764676196147,114.64940783846504
2022-02-15,123.47764578814872,118.11859876009743
2022-02-16,123.18342974524077,117.91268617868312
2022-02-17,122.82041028937039,117.79288515394623
2022-02-18,122.53101690059628,117.60025425311258
2022-02-21,122.01095063105147,117.12614212980324
2022-02-22,121.06027830336919,116.34706985718606
2022-02-23,120.8606101432085,116.15001172949223
2022-02-24,115.00072768894634,110.6002435506573
2022-02-25,117.72823807974018,113.39418931127838
2022-02-28,118.49851550015418,114.31654153546471
2022-03-02,117.18762740135166,113.03715274271707
2022-03-03,115.91212361398158,112.30268511309069
2022-03-04,114.44551115712312,110.58254129070416
2022-03-07,110.99305516394762,107.98090070401565
2022-03-08,112.29283900584414,109.00399560547878
2022-03-09,114.97651621799601,111.26324403918117
2022-03-10,116.63152934809457,112.96194306599554
2022-03-11,116.85047041032624,113.2039249160938
2022-03-14,118.86955463871503,114.84340812178102
2022-03-15,117.62013673439338,113.42549897871336
2022-03-16,120.02785635548214,115.55167135458588
2022-03-17,122.04584847387099,117.67342979857382
2022-03-21,120.78920015429246,116.51997101429443
2022-03-22,122.48243446561884,117.86708441252543
2022-03-23,122.08717902492037,117.39161620170935
2022-03-24,121.86933610575107,117.23573261331293
2022-03-25,121.27227233052093,116.7609424462504
2022-03-28,121.89162383282117,117.23062734269949
2022-03-29,122.32285707736357,117.93379859986635
2022-03-30,124.13193527833167,119.11106868536699
2022-03-31,123.90999749251725,118.88303326462726
2022-04-01,125.41298294098382,120.28323350025406
2022-04-04,127.99611904519585,122.88999265253196
2022-04-05,127.3915088979271,122.236518013994
2022-04-06,126.24561468412283,121.21716564814982
2022-04-07,125.11901236115743,120.07290698695503
2022-04-08,126.48129280784777,121.05855658976441
2022-04-11,125.8620234437473,120.31386512393556
2022-04-12,124.80358805899473,119.32923923424397
2022-04-13,124.56643138868316,118.95723252320629
2022-04-18,122.14632815357147,116.90151022280601
2022-04-19,120.70419744941434,115.43799931358039
2022-04-20,121.94717029765943,116.64897216211614
2022-04-21,123.89862955769824,118.39190357260601
2022-04-22,122.26769731837695,116.88993029909645
2022-04-25,120.79153035816579,115.40599830741674
2022-04-26,122.70610261167792,117.08632367801253
2022-04-27,121.52897381178703,115.98085975549081
2022-04-28,123.00495101563043,117.38753464421359
2022-04-29,122.17761031200027,116.41753322763392
2022-05-02,121.91609731457834,116.18983018128304
2022-05-04,119.08103082741088,113.5248789209958
2022-05-05,119.28729379615135,113.55925972778405
2022-05-06,117.33475405173397,111.7118298094225
2022-05-09,116.54764591691335,110.96713834359366
2022-05-10,116.25404182448959,110.54646537453256
2022-05-11,115.49333744901101,110.04989139002097
2022-05-12,113.12746885932678,107.6054904792354
2022-05-13,112.99072269756618,107.42953147774921
2022-05-16,113.1366040086798,107.83897019246551
2022-05-17,115.95503156171762,110.67750065361422
2022-05-18,115.92270053443805,110.54816713140367
2022-05-19,113.1035242635912,107.61502297670913
2022-05-20,116.16461606374963,110.72413278037756
2022-05-23,116.0465094497323,110.37390988678877
2022-05-24,115.49562310255499,109.76434190502509
2022-05-25,114.86336596057166,109.08805973592067
2022-05-26,116.08655384796928,110.07065814183983
2022-05-27,117.62576764133512,111.31157792281579
2022-05-30,120.13941165494673,113.41461039373284
2022-05-31,119.39120573077082,112.8914929905233
2022-06-01,119.10346425777507,112.47081337397442
2022-06-02,119.88971510739894,113.1872530167464
2022-06-03,119.40087078015098,112.8897912336521
2022-06-06,119.18850290759215,112.78938757825172
2022-06-07,118.06167517603066,111.74654299059989
2022-06-08,117.65636652314815,111.33744329776036
2022-06-09,118.58877537742912,112.16687693778427
2022-06-10,116.65988280827074,110.28609657323997
2022-06-13,113.49069761497597,107.37677701474236
2022-06-14,113.22339412787237,107.08883443414628
2022-06-15,113.18070837933674,106.81689900411995
2022-06-16,110.90870506076405,104.56002372355454
2022-06-17,110.5954549558529,104.10327483832155
2022-06-20,111.08017134320376,104.48889560432886
2022-06-21,113.07333038250418,106.45374009931491
2022-06-22,111.82559664077291,104.9187554014994
2022-06-23,112.69963870301166,105.89454677993378
2022-06-24,113.6471681396837,106.86522624026675
2022-06-27,114.62896613884395,107.76919816074648
2022-06-28,114.8759301834255,107.8927483685903
2022-06-29,114.40465263176893,107.54490527562584
2022-06-30,114.41896492242165,107.41659546653312
2022-07-01,114.61073125435533,107.22463596196492
2022-07-04,115.18366112252767,107.79166002194867
2022-07-05,114.83599029565359,107.62488784857183
2022-07-06,116.19115634060384,108.84300674646887
2022-07-07,117.17344312381155,109.81709636803203
2022-07-08,117.87905487886705,110.41406736045612
2022-07-11,117.59925327406452,110.38275769302126
2022-07-12,116.4978246781946,109.30928812917568
2022-07-13,115.86078251272656,108.68542804868923
2022-07-14,115.35255484990597,108.49483127911557
2022-07-15,116.07750125428468,109.24734683805927
2022-07-18,118.10168299025663,110.80819691081946
2022-07-19,118.4428985256348,111.23057163675173
2022-07-20,119.85843426762463,112.45787736275821
2022-07-21,120.63683603552629,113.03239314146776
2022-07-22,121.63916089177249,113.80975036223835
2022-07-25,120.82532857829204,113.20767409920076
2022-07-26,119.73850683182057,112.20601734582176
2022-07-27,121.06190277096441,113.28119531402633
2022-07-28,123.08212041804616,115.24024984715777
2022-07-29,124.49810521062943,116.79667934054537
2022-08-01,125.65946764154572,118.03420225526658
2022-08-02,125.6080039174797,118.07094956770403
2022-08-03,125.96469732700754,118.36161761828896
2022-08-04,125.73568134774852,118.31975174026259
2022-08-05,126.09773304812917,118.42526066627639
2022-08-08,126.96038130579063,119.2938347143378
2022-08-10,126.92050288360606,119.35952518856108
2022-08-11,127.9769988971402,120.20529835354368
2022-08-12,128.19681940727455,120.47179613856747
2022-08-16,129.0492889359796,121.33696667288663
2022-08-17,130.05915356985008,122.14700294357411
2022-08-18,130.3341862944759,122.23038903026257
2022-08-19,129.2275728090588,120.88225191891367
2022-08-22,127.39584074558805,119.05967030986675
2022-08-23,127.78047802973546,119.65052561353492
2022-08-24,127.8613457928037,119.83737320000174
2022-08-25,127.29644024153484,119.27579343250811
2022-08-26,127.68599125589033,119.52391756131333
2022-08-29,125.68594095546908,117.84938880005997
2022-08-30,128.76805636840547,120.8880485282562
2022-09-01,127.25842954210461,119.4143270778037
2022-09-02,127.16979030176043,119.39151289974923
2022-09-05,128.16154492495463,120.25159145843034
2022-09-06,128.02035986471867,120.18215180110035
2022-09-07,128.2879006046286,119.96977786156585
2022-09-08,129.95664875750285,121.15658044454023
2022-09-09,130.12892585422327,121.39210093651802
2022-09-12,131.04148931864293,122.0932247674494
2022-09-13,131.94786316178678,123.00333231914837
2022-09-14,130.97999636446423,122.55202107891783
2022-09-15,129.8622786099967,121.69195581521251
2022-09-16,126.92450061050151,119.33297512237534
2022-09-19,127.55555876730594,119.95514009347848
2022-09-20,128.52621920829452,121.2757034255236
2022-09-21,127.74722074440798,120.60929277576959
2022-09-22,126.86862915585102,120.0065384689787
2022-09-23,124.84415518095861,117.94774502922476
2022-09-26,122.88727839877755,115.83042710707257
2022-09-27,122.95177158346269,115.76984190346298
2022-09-28,121.59514455094427,114.75695089573905
2022-09-29,121.25494490451614,114.48126628260592
2022-09-30,123.16022028019485,116.3617076252734
2022-10-03,121.8862143640305,114.95265293592615
2022-10-04,124.8804178444007,117.58664019814307
2022-10-06,125.80986759891921,117.97804427851723
2022-10-07,125.5259317626633,117.86130109815849
2022-10-10,125.14452395892968,117.35996086490994
2022-10-11,123.08638230586288,115.60749695694632
2022-10-12,124.19202425976235,116.56081317920288
2022-10-13,123.12135986216236,115.81714542649198
2022-10-14,124.93365792563296,116.98352692701204
2022-10-17,125.9543418156493,117.84190372882195
2022-10-18,127.6863188952958,119.03414395679891
2022-10-19,127.844300146463,119.20636707015373
2022-10-20,128.2511640282722,119.55828507312616
2022-10-21,128.37523963416592,119.64236249854355
2022-10-24,129.96314763764138,120.69370257557577
2022-10-25,129.4979054998689,120.18725707171396
2022-10-27,129.86141875795855,120.73590082799114
2022-10-28,130.304800405683,121.07524178408735
2022-10-31,131.98219129458556,122.60953514317391
2022-11-01,132.87494715591197,123.51623918113069
2022-11-02,132.473687665662,123.09045429396805
2022-11-03,132.38337176902772,122.88521975630727
2022-11-04,132.7053956079132,123.32394065468594
2022-11-07,133.58706766713652,123.90696521775143
2022-11-09,133.34550345217312,123.59519804095893
2022-11-10,132.8238389790348,122.71844758293035
2022-11-11,135.70769209271992,124.90690691928373
2022-11-14,135.3740384404767,124.76703048145707
2022-11-15,135.77578800270794,125.27245227220116
2022-11-16,136.33982177624446,125.31499619398092
2022-11-17,136.17476997434656,124.86743413685734
2022-11-18,136.21953346805924,124.62067939053449
2022-11-21,134.8335612104053,123.61527345404868
2022-11-22,135.29320746210806,124.18876551964055
2022-11-23,135.4948293997188,124.34567282115458
2022-11-24,137.26809113923517,125.82177407223183
2022-11-25,137.32903008168398,126.01679806866555
2022-11-28,138.0739158462479,126.35714944290402
2022-11-29,138.34765938104815,126.73358338080207
2022-11-30,138.9223655543334,127.68860135992992
2022-12-01,139.6137723901232,128.05720455722533
2022-12-02,138.72074381132578,127.2648638990029
2022-12-05,138.7108081242556,127.29856666203796
2022-12-06,138.14785332920624,126.90171164168567
2022-12-07,137.67404848963483,126.34183363106335
2022-12-08,138.16146397250216,126.67435426469915
2022-12-09,137.06340941534086,125.90686191579148
2022-12-12,137.12645295698294,125.91061109889823
2022-12-13,137.87762071341086,126.6651674365898
2022-12-14,138.27535939187084,127.02118029203346
2022-12-15,136.26938569136016,125.35073308827596
2022-12-16,135.26723515159335,124.35758511925297
2022-12-19,135.80826621292874,125.38850411383102
2022-12-20,135.85997309372328,125.14924773372186
2022-12-21,134.80307893264109,123.88177123907262
2022-12-22,134.47958431412232,123.39336701704026
2022-12-23,132.20784879842748,121.21138233378284
2022-12-26,133.7418064812551,122.62587466813264
2022-12-27,134.58449256759613,123.42706978007527
2022-12-28,134.49563926794463,123.3603555927342
2022-12-29,135.07912737804068,123.82663697544109
2022-12-30,134.37072696282365,123.2432800379866
2023-01-02,134.8933171704271,123.8705369847275
2023-01-03,135.19631845743493,124.1094742854234
2023-01-04,133.77553759517286,122.81885123833072
2023-01-05,133.40304603476676,122.47306221908974
2023-01-06,132.5130733251945,121.56976169487538
2023-01-09,134.68049020889418,123.21536058931841
2023-01-10,133.10027045850208,121.9421140752778
2023-01-11,133.40266996037096,121.81651644119844
2023-01-12,133.2806198508868,121.5612529105194
2023-01-13,133.82349641063175,122.23106707401583
2023-01-16,133.6406045024137,121.81073312683152
2023-01-17,135.05886595367798,122.88931460877855
2023-01-18,135.920595483493,123.65203406146152
2023-01-19,135.63132317363608,123.2606299810874
2023-01-20,135.16003314427488,122.7147116947991
2023-01-23,135.91923245633072,123.33347315215977
2023-01-24,135.7650724226719,123.3317713952886
2023-01-25,133.5874334911007,121.79099008813054
2023-01-27,130.92975626154427,119.83329164250598
2023-01-30,131.2457607587945,120.13688240933142
2023-01-31,131.2189255759387,120.22674314911576
2023-02-01,131.70905126172653,119.91464359793424
2023-02-02,132.0550426738595,119.87447947677894
2023-02-03,133.64268709329744,121.53301438243808
2023-02-06,132.72659218594382,120.92411779694021
2023-02-07,132.7934897030513,120.6307375713418
2023-02-08,133.57503039620062,121.65314778156389
2023-02-09,134.0221765690335,121.80120062935774
2023-02-10,133.74201380271026,121.54968628178563
2023-02-13,133.0340511518402,120.9670073880844
2023-02-14,134.30163690591294,122.04897908879839
2023-02-15,135.08029354588768,122.63438345248854
2023-02-16,135.28165669298798,122.77052400218382
2023-02-17,134.4097047797424,122.14665727420966
2023-02-20,133.50461920734801,121.4686799957218
2023-02-21,133.44639475096045,121.34683154474928
2023-02-22,131.2612237602622,119.49260789387858
2023-02-23,130.9051325958253,119.19956004266894
2023-02-24,130.61110625581526,118.89018596147636
2023-02-27,130.39248084414774,118.39258161635942
2023-02-28,129.6841942822578,117.78845792708606
2023-03-01,130.86154768549812,118.7887585929583
2023-03-02,129.8485158042029,117.91065204742294
2023-03-03,132.216679989115,119.76522136765828
2023-03-06,132.86695744647346,120.5623216271296
2023-03-08,133.2060016848952,120.85469143458585
2023-03-09,132.0282902925231,119.73288798710551
2023-03-10,130.27776757737507,118.53009154853711
2023-03-13,128.16825230927356,116.76979689997084
2023-03-14,127.41029534516974,116.01421684916133
2023-03-15,126.61800285461928,115.52989418462494
2023-03-16,126.73254865240911,115.62144338630489
2023-03-17,128.11568087398726,116.40051565892202
2023-03-20,127.0755261683939,115.64050838125239
2023-03-21,128.2298123071818,116.45122269569342
2023-03-22,128.41563247309676,116.75345737501219
2023-03-23,127.38692011821331,116.24293031365455
2023-03-24,126.44731963643925,115.34542639878276
2023-03-27,126.90746322390925,115.62212143005826
2023-03-28,126.84984552344693,115.39068249557609
2023-03-29,127.5234018964761,116.2687890411113
2023-03-31,130.4463002969169,118.16829537872644
2023-04-03,130.7982079811319,118.42900984938336
2023-04-05,132.21222806612664,119.51132721946169
2023-04-06,132.39817828081343,119.7979004175754
2023-04-10,132.6464629084669,119.96739806094128
2023-04-11,133.18960285849263,120.63618851131967
2023-04-12,133.7234861349121,121.2494990287025
2023-04-13,133.42793168630288,121.35568599846967
2023-04-17,132.3743178148851,120.53101195969487
2023-04-18,132.17462661185354,120.21312909414625
2023-04-19,131.56802018683445,119.93131549728169
2023-04-20,131.79511409417233,119.97011023595464
2023-04-21,131.81327191926107,119.96739806094128
2023-04-24,133.11496164718676,120.77981413225325
2023-04-25,133.37409698153462,120.95577313373956
2023-04-26,133.89965250940296,121.25766214369385
2023-04-27,134.76788996428803,121.94824305900916
2023-04-28,136.59892106323568,122.96895151236009
2023-05-02,137.13752516614863,123.5315549929714
2023-05-03,136.5443642767516,123.1381034863615
2023-05-04,137.6988105806896,124.2677376744443
2023-05-05,136.41014645725122,122.99617962229922
2023-05-08,137.70892516545965,124.32627545181829
2023-05-09,137.68120395296697,124.33681836743426
2023-05-10,137.94443720671492,124.67138642730579
2023-05-11,137.1956602696423,124.54818188882646
2023-05-12,137.2454547136337,124.66935229604567
2023-05-15,137.6883466923179,125.24147497915526
2023-05-16,137.05953243765663,124.47670810023655
2023-05-17,136.07584964700933,123.76367197120682
2023-05-18,135.8690596227337,123.41106262950552
2023-05-19,136.60803893566978,123.91104677524719
2023-05-22,137.33611379071945,124.66662682605664
2023-05-23,137.114589020477,124.89534029054974
2023-05-24,136.54396768498722,124.46922302899837
2023-05-25,136.8540155778176,124.71257426157882
2023-05-26,138.24778526834527,125.92558124137454
2023-05-29,138.86608910147004,126.60152438860248
2023-05-30,139.00407126058352,126.84112643807612
2023-05-31,138.63914255574605,126.16417287270598
2023-06-01,137.89585668152944,125.84662238154638
2023-06-02,138.1889815240571,126.16212544647021
2023-06-05,138.5924331443707,126.56884533868524
2023-06-06,138.29732742293413,126.603904189227
2023-06-07,139.39844551134698,127.47112214978178
2023-06-08,138.56728105628295,126.84589933430064
2023-06-09,137.94952039010863,126.36157666976418
2023-06-12,138.3298270742798,126.62092175793876
2023-06-13,138.90152183750826,127.40135011806282
2023-06-14,139.58714431606643,127.6719294605823
2023-06-15,138.7301484236073,127.2104076791247
2023-06-16,139.46438359359288,128.14909942826952
2023-06-19,138.73333422791035,127.66885832122901
2023-06-20,139.4162853592212,128.08578875467103
2023-06-21,140.05226497701264,128.35909356717966
2023-06-22,139.38939441571958,127.77641467347848
2023-06-23,138.583789300265,127.05657151696403
2023-06-26,138.49482484034402,127.23150680533254
2023-06-27,139.44088461804384,128.09056165089567
2023-06-28,140.43593349723636,129.14360348479929
2023-06-30,142.05568077377634,130.6203960746054
2023-07-03,143.1366305427246,131.52913424382214
2023-07-04,143.30955706505685,131.9814559021949
2023-07-05,143.04397774818312,132.0461226633002
2023-07-06,143.680494421778,132.71866229678565
2023-07-07,142.56051777069385,131.59209924805617
2023-07-10,142.9265865284356,131.75614595144395
2023-07-11,143.54756144969133,132.32453274642222
2023-07-12,143.27918943749327,131.94946819100664
2023-07-13,143.52419390246055,132.14992983244292
2023-07-14,145.16193931700084,133.1760892257719
2023-07-17,146.75070505868223,134.17637659666855
2023-07-18,147.23317472233614,134.43368755358313
2023-07-19,147.75425722800574,135.00479981855037
2023-07-20,148.69157840700973,135.99862583132648
2023-07-21,146.89230586685088,134.4047576867727
2023-07-24,146.35110876623366,133.91022448100915
2023-07-25,146.13458799306994,133.96638245775836
2023-07-26,147.3086726647157,134.63143702000576
2023-07-27,146.53845829250932,133.82548230681402
2023-07-28,146.22864269240375,133.73120763514493
2023-07-31,147.21374794652994,134.46466484662892
2023-08-01,146.9953207219681,134.32682254006224
2023-08-02,145.57707493558624,132.91776785071505
2023-08-03,144.48424676563656,131.9314269091768
2023-08-04,145.60590661451258,132.85275542024527
2023-08-07,146.1548022109141,133.39936504526239
2023-08-08,145.98166155028747,133.2193111913049
2023-08-09,146.36291400345175,133.63931276410074
2023-08-10,145.55109468848462,133.0304161786026
2023-08-11,145.14342284869625,132.24897740033646
2023-08-14,145.4033776652032,132.29152132211638
2023-08-16,145.67805866452866,132.49878999103723
2023-08-17,144.76076493342208,131.8197889994316
2023-08-18,144.23891291586816,131.44472444401586
2023-08-21,144.7593746957213,132.0127655696296
2023-08-22,144.6406716126032,132.032162938966
2023-08-23,145.3534977965091,132.35584241385715
2023-08-24,144.7317024671102,131.96579442098954
2023-08-25,143.84205782324898,131.1428354340615
2023-08-28,144.15031765427815,131.41681829032333
2023-08-29,144.19383599810197,131.6659528372708
2023-08-30,144.02366636525556,131.6986185922123
2023-08-31,143.30466344029767,131.06115110424417
2023-09-01,144.25136534093207,132.29662659272992
2023-09-04,145.2245711334839,132.93308366255582
2023-09-05,145.57403495571484,133.24688497060848
2023-09-06,145.86255195572383,133.4929616731781
2023-09-07,147.0037402053958,134.2825768614114
2023-09-08,147.77898642910586,134.91493907876594
2023-09-11,148.97081708202472,136.11570138607442
2023-09-12,149.667199830395,136.09425659050217
2023-09-13,150.41995397203974,136.6170416193228
2023-09-14,150.57385694482514,136.84235157007362
2023-09-15,151.50035678843238,137.44987877308915
2023-09-18,150.6510255926328,137.04793177709888
2023-09-20,148.69751788031994,135.46937944438574
2023-09-21,147.41343820835016,134.38671640494292
2023-09-22,147.02761549504467,133.9231604922253
2023-09-25,146.97141206743478,133.92520791846084
2023-09-26,146.96920311434243,133.85814806175546
2023-09-27,147.08746168252696,134.21041173409242
2023-09-28,145.96728654753835,132.89734676826072
2023-09-29,146.55387433458748,133.67845317213812
2023-10-03,145.88027765881577,132.93273799319144
2023-10-04,145.27436211623564,132.3020642377324
2023-10-05,146.25098113393517,133.04845746043236
2023-10-06,146.85880772800968,133.7819146719164
2023-10-09,145.91638333312608,132.82110008344603
2023-10-10,147.20650109902996,134.02934746199247
2023-10-11,148.28989288490257,134.85640130139217
2023-10-12,147.97204611647808,134.73830203352642
2023-10-13,147.59181958223795,134.4459455210457
2023-10-16,147.28605801233522,134.31456457259944
2023-10-17,147.78268124408845,134.85742501450997
2023-10-18,146.49916925831823,133.90171569665307
2023-10-19,145.9682123492501,133.58586696236478
2023-10-20,145.82837905833688,133.02735833422486
2023-10-23,143.6029303617484,131.2514022044534
2023-10-25,142.55340377901993,130.16500327687922
2023-10-26,140.6247006427005,128.36181903716857
2023-10-27,142.09238957696778,129.65515425927495
2023-10-30,143.56744582972328,130.29263504221865
2023-10-31,143.46021791926947,129.87535893941214
2023-11-01,142.7569208731546,129.2596686214048
2023-11-02,143.93073422129092,130.24055862296507
2023-11-03,144.35044279065596,130.90322008961226
2023-11-06,145.52229072549676,132.13631577747321
2023-11-07,145.50889105707043,132.10193497068502
2023-11-08,145.54623550323785,132.3524389001148
2023-11-09,144.98652297312393,132.02434549333907
2023-11-10,145.18322468215712,132.2288886922711
2023-11-13,145.0861229686471,132.35278456947933
2023-11-15,147.08697799777843,133.93132360721688
2023-11-16,147.79100647785987,134.54225432397482
2023-11-17,147.65703093437622,134.3149102419639
2023-11-20,147.55418800244985,134.05759928504958
2023-11-21,148.17587561348654,134.66615020118306
2023-11-22,148.2394325506891,134.85980481513448
2023-11-23,147.959050316297,134.79275825340466
2023-11-24,147.75723503204233,134.7430616347755
2023-11-28,148.07264529949177,135.38972924582856
2023-11-29,149.61966509178555,136.7981058914225
2023-11-30,149.67718153974815,137.04690806398122
2023-12-01,150.3894581042099,137.96415501755376
2023-12-04,153.986138840661,140.8156214899188
2023-12-05,155.01182096727962,141.96123623862022
2023-12-06,155.83230443682498,142.52349404986697
2023-12-07,155.9135325621057,142.274705172284
2023-12-08,157.00186274040172,142.73928479811946
2023-12-11,157.42175773015515,142.92783414145737
2023-12-12,156.7124758457672,142.31044206657913
2023-12-13,156.52620250636716,142.44623694690986
2023-12-14,158.94010302837745,144.1912157836355
2023-12-15,161.79216306866078,146.05600894007358
2023-12-18,161.53184979325243,145.7973418956523
2023-12-19,161.641300872036,146.0318386745123
2023-12-20,159.6576385049956,143.96965501599175
2023-12-21,160.7612574372886,144.68371485813918
2023-12-22,161.22749736079808,145.3259552423319
2023-12-26,161.81658772707786,145.9518561015662
2023-12-27,163.79428587169167,147.40447842581113
2023-12-28,164.2742548775927,148.24820416455808
2023-12-29,163.88323786122828,147.92623974151383
2024-01-01,163.98700839599994,147.99771353010402
2024-01-02,162.8369619261311,147.47970139750797
2024-01-03,161.10599085115257,146.46919019040885
2024-01-04,161.78288279995255,147.43068282263255
2024-01-05,162.62687360587208,147.78601763432283
2024-01-08,160.89847640326417,146.43958227984507
2024-01-09,161.08730701293257,146.6563834462398
2024-01-10,162.09765829779874,147.15907976699495
2024-01-11,162.28362105191965,147.35308005031104
2024-01-12,165.31350993222068,149.03680893464923
2024-01-15,167.26751902190745,150.41794417532833
2024-01-16,166.43369418024815,149.974476970676
2024-01-17,163.095293781209,146.84085123208214
2024-01-18,162.58995214723376,146.09412563499313
2024-01-19,163.5381950599031,147.18427374567395
2024-01-23,160.66481994770334,144.5731006615116
2024-01-24,162.2697143515615,146.03762198887932
2024-01-25,161.47220759346087,145.34773241229297
2024-01-29,165.07409452463136,147.96843799392929
2024-01-30,163.68687107665124,146.5015235709615
2024-01-31,164.75811978855813,147.88743170786537
2024-02-01,164.51361866922275,147.69513318142052
2024-02-02,165.76791789538424,148.75942256464464
2024-02-05,164.46837651259708,148.20055497216472
2024-02-06,166.14640437280966,149.27403118349812
2024-02-07,166.3273430939352,149.2815162547364
2024-02-08,164.83150873798402,147.8346772448583
2024-02-09,166.05087766522234,148.2740761869905
2024-02-12,164.9974482711502,147.1410517801407
2024-02-13,166.09141025799562,148.0069003582134
2024-02-14,166.4943045416469,148.66582593672916
2024-02-15,167.00608636475656,149.14707746191212
2024-02-16,168.30124026787487,150.03164536556764
2024-02-19,168.80729320412104,150.58676377494092
2024-02-20,169.61923964095138,151.09524341006284
2024-02-21,168.62813952736104,150.1293368459546
2024-02-22,169.611017366615,151.2347874735008
2024-02-23,169.71149444682544,151.2024540929481
2024-02-26,169.47334430981917,150.5854076874342
2024-02-27,169.97800677717134,151.10477590753675
2024-02-28,168.31940905242084,149.42208403129186
2024-02-29,168.82762859650055,149.63752911017997
2024-03-01,171.83400672908118,152.06048522539345
2024-03-04,171.8410496711605,152.5155323537553
2024-03-05,170.95342646510542,152.17995387574138
2024-03-06,172.13148691224367,152.98148136207305
2024-03-07,172.0393026595279,153.1142183980259
2024-03-11,170.74209223265078,152.0189650167316
2024-03-12,170.92094348490508,152.03971847357468
2024-03-13,169.12459164579502,149.73894318372263
2024-03-14,170.5914872259237,150.7528579045644
2024-03-15,169.60626146080864,149.91354609770212
2024-03-18,169.27193615522938,150.1337507778392
2024-03-19,167.11355959697858,148.511976479593
2024-03-20,167.18858457385338,148.6593512836332
2024-03-21,168.33493997179747,149.83594332538064
2024-03-22,168.15042414565596,150.41318457407928
2024-03-26,167.07395297217937,149.78659237611598
2024-03-27,167.7543540485699,150.59629627241466
2024-03-28,169.3467051001996,151.97982460869397
2024-04-01,171.12062006289398,152.8994513628913
2024-04-02,170.80425520663886,152.84023554176406
2024-04-03,170.47003408572476,152.71328182017785
2024-04-04,171.59336547830043,153.25784401895947
2024-04-05,171.603107597064,153.2513693658637
2024-04-08,172.6012734390868,154.29013239601989
2024-04-09,171.96442012579035,154.1298215807635
2024-04-10,172.860287034877,154.88574730093717
2024-04-12,170.99633397377906,153.29017739951215
2024-04-15,168.75921104173395,151.6095196545274
2024-04-16,168.0353309587427,150.7613666889204
2024-04-18,166.94248478664213,149.72635284187106
2024-04-19,168.2311117564978,150.755237705189
2024-04-22,169.65190330249402,152.04449136979926
2024-04-23,169.7895743009913,152.25959077932302
2024-04-24,170.10830391584526,152.49375518379426
2024-04-25,170.24031458798248,153.63699013187102
2024-04-26,169.1689005394507,152.6132105391666
2024-04-29,171.6981670909121,154.13424880762358
2024-04-30,170.88710905343288,153.87183258009554
2024-05-02,171.01774289927195,154.1669145625653
2024-05-03,169.31048259090574,152.99372603456024
2024-05-06,169.5284849295051,152.76807041444505
2024-05-07,169.17841855096944,151.81373047907053
2024-05-08,168.94199094811574,151.81373047907053
2024-05-09,166.12399156360115,149.46530599682498
2024-05-10,166.59431633645661,150.13034726409683
2024-05-13,167.6063973396333,150.46288119270818
2024-05-14,168.40604278572883,151.23751294348963
2024-05-15,167.81658125873633,151.11975934498844
2024-05-16,169.44018207272927,152.5036200556567
2024-05-17,169.80075347651686,152.92735751658384
2024-05-21,169.97808157820353,153.35586787373518
2024-05-22,170.67407784424373,153.82385101331326
2024-05-23,173.66849452201342,156.34142746956005
2024-05-24,173.56515674137424,156.26960801160547
2024-05-27,173.41766284926103,156.10181212511097
2024-05-28,173.47166626681854,155.80026878452097
2024-05-29,171.4973072014134,154.55151161545461
2024-05-30,170.1085660492297,153.08086130435544
2024-05-31,170.21100406451313,153.36708883310476
2024-06-03,176.13788014725975,158.3580093619231
2024-06-04,167.07981195216666,148.96839299043688
2024-06-05,171.98447638928712,153.97734150610944
2024-06-06,173.50462557183684,155.34589969991262
2024-06-07,176.86841416933203,158.53669383339812
2024-06-10,176.7110690996143,158.32600835575937
2024-06-11,176.46097402234798,158.36447072004333
2024-06-12,176.7055269196407,158.7599563579132
2024-06-13,177.45488158579752,159.27695807236697
2024-06-14,177.73580682242022,159.7309814876107
2024-06-18,178.55895469990622,160.3592754424452
2024-06-19,178.776795739852,160.07405833183833
2024-06-20,179.76119666888124,160.42121673356164
2024-06-21,178.88147494149308,159.97263096332023
2024-06-24,178.95286593742398,160.2227892233853
2024-06-25,180.75815561943526,161.47154639245173
2024-06-26,182.29713935173112,162.47558294645518
2024-06-27,184.0714701363097,163.67157235753908
2024-06-28,183.98482064440256,163.44081146681032
2024-07-01,185.3802340632647,164.33491186793964
2024-07-02,185.77410275711654,164.21170732946035
2024-07-03,186.75501816270912,165.31887300885307
2024-07-04,186.45448406854624,165.42540564798483
2024-07-05,186.57222893729994,165.57311282641422
2024-07-08,186.24926822179052,165.55065761269975
2024-07-09,186.6050154271523,166.31745862287875
2024-07-10,185.64717792168526,165.57719438390995
2024-07-11,185.68665001073882,165.51933465028935
2024-07-12,188.04876619661553,166.7868111449389
2024-07-15,188.06322339730187,167.36233734179066
2024-07-16,187.84114114215978,167.54136748263036
2024-07-18,189.44520517255168,168.8200649366491
2024-07-19,187.36698247365337,166.98251318512584
2024-07-22,185.76493311814102,166.83513838108547
2024-07-23,184.8689566720193,166.6295714690356
2024-07-24,183.96025752096114,166.18336549941893
2024-07-25,183.9742585407156,166.1329908370365
2024-07-26,186.55065115675777,169.05150387113142
2024-07-29,186.76025094470842,169.06001265548727
2024-07-30,186.7586106131916,169.20432961514973
2024-07-31,187.47726781845085,169.8431664856004
2024-08-01,187.80334186866162,170.24988637781536
2024-08-02,185.54170981669554,168.25405794229545
2024-08-05,180.52604605423252,163.74712770362473
2024-08-06,180.75206318858926,163.31795259769538
2024-08-07,182.46229333017314,165.39375031118556
2024-08-08,180.91364555264394,164.1650818501848
2024-08-09,182.70829414647844,165.8702422351196
2024-08-12,182.5750047332266,165.73069817168164
2024-08-13,181.01772036959304,164.31483645484963
2024-08-14,181.15859262589095,164.3471698354024
2024-08-16,184.39715276211808,167.05228521684495
2024-08-19,185.12636132961399,167.26670658261514
2024-08-20,186.24028713290022,168.12574813320273
2024-08-21,186.76659360547333,168.6114268852458
2024-08-22,187.28816645061477,168.89256243835715
2024-08-23,186.96124652257774,168.97186696754994
2024-08-26,188.38377742774207,170.24783895157955
2024-08-27,187.83424300406625,170.29651185709093
2024-08-28,187.75167258298177,170.53203234906883
2024-08-29,188.12628318856576,171.2100096275568
2024-08-30,188.4285821513948,171.78146756188846
2024-09-02,188.34545100420584,172.07280036125118
2024-09-03,188.7860178718063,172.0806311018539
2024-09-04,188.48148462688025,171.5282381624695
2024-09-05,188.2614888334168,171.16338414828104
2024-09-06,186.19109131330168,169.16927076460811
2024-09-09,187.11300506677023,169.74276283020004
2024-09-10,187.8555096945424,170.45545328986506
2024-09-11,186.7102572553738,169.62056870986285
2024-09-12,190.12161069839425,172.82294276705818
2024-09-13,190.3691803566369,172.60239241755656
2024-09-16,190.56839917685804,172.7878839165165
2024-09-17,190.71142380400337,173.0247737909767
2024-09-18,190.17131139547428,172.7456856641011
2024-09-19,190.4580478192551,173.00605446539345
2024-09-20,193.0534066913195,175.55970019032435
2024-09-23,193.88942363515406,176.56783159679915
2024-09-24,193.46977608767278,176.57701842490852
2024-09-25,193.70636858662812,177.01096642706258
2024-09-26,194.96435736134083,178.45337821008016
2024-09-27,194.48940717620215,178.20082685441488
2024-09-30,192.26612552401525,175.6951626962663
2024-10-01,191.54453326442479,175.60020998084408
2024-10-03,186.97441156940977,171.8781220341818
2024-10-04,184.65304124385057,170.27506706151857
2024-10-07,182.18919973192885,168.78535175547202
2024-10-08,183.8937196668944,170.26520218965607
2024-10-09,182.69403148517534,170.05281495514572
2024-10-10,183.57962972392863,170.1651309086445
2024-10-11,183.0920472445878,169.93233588665564
2024-10-14,184.43963907347649,171.0466409679221
2024-10-15,183.81640957035412,170.56606748649244
2024-10-16,183.76199795169245,169.9803307484135
2024-10-17,182.1933312357952,168.47290653492598
2024-10-18,183.57134158809924,169.18220677582417
2024-10-21,183.70750990272506,168.68562614382498
2024-10-22,181.52332060837077,166.5822546510313
2024-10-23,181.03463687631384,166.33312010408386
2024-10-24,181.93783100265026,166.08738907087888
2024-10-25,179.11533760755842,164.59937552170334
2024-10-28,180.80304192879794,165.67726566492138
2024-10-29,182.47986581178455,166.54651775673622
2024-10-30,182.13617065379046,165.6888322936553
2024-10-31,182.60559379747258,164.76648006946897
2024-11-01,183.1504218976529,165.44037579046122
2024-11-04,180.11569379015805,163.33700429766756
2024-11-05,182.99750305200172,164.82060391495816
2024-11-06,184.48519911387277,166.6636066064597
2024-11-07,182.25166406070193,164.7256379045603
2024-11-08,181.57595946022062,164.3774557897194
2024-11-11,180.9478309083849,164.33049793605497
2024-11-12,179.0597277772781,162.57529526312672
2024-11-13,176.07929668098285,160.3671061830479
2024-11-14,176.42710712085056,160.18773037284373
2024-11-18,176.26357841015584,159.65066654027586
2024-11-19,176.16701356897008,160.09107590055015
2024-11-21,175.36613736213405,158.94341372561308
2024-11-22,179.78474049802566,162.73730783525426
2024-11-25,182.48078119431676,164.87914169233204
2024-11-26,182.12864694261532,164.69262648025423
2024-11-27,182.6455969563893,165.2399141490249
2024-11-28,180.2972260834254,162.78427898389444
2024-11-29,182.28166959452653,164.26105827872482
2024-12-02,184.28019154787322,165.24774488962763
2024-12-03,186.39098970018907,166.48049490812426
2024-12-04,186.8055151330507,166.55059931423196
2024-12-05,188.49260319281004,168.1907605636724
2024-12-06,187.81065625520452,167.98246818163364
2024-12-09,187.9621680641401,167.58220964753892
2024-12-10,187.7569238676728,167.52129206954044
2024-12-11,187.569154784803,167.7374151921819
2024-12-12,186.74166430072898,167.10367029736958
2024-12-13,188.0105277674644,168.59850416900517
2024-12-16,187.32293392871824,167.91745575116389
2024-12-17,184.17439302037712,165.65582086934927
2024-12-18,182.77145763267657,164.72223439081796
2024-12-19,180.014104734296,163.03987488896217
2024-12-20,177.34430854732145,160.56076079699932
2024-12-23,179.24617420748925,161.69038169010645
2024-12-24,178.75003480161124,161.5147683579849
2024-12-26,178.24779290640043,161.66825885078106
2024-12-27,178.82579904347168,162.09847096480382
2024-12-30,177.22862447988092,160.9514868336203
2024-12-31,177.37413962049132,160.95080878986687
2025-01-01,178.39220728413346,161.6185755271276
2025-01-02,181.6293491198174,164.65280802846354
2025-01-03,180.25668904422486,163.4009930150194
2025-01-06,177.01864053306937,160.7551067496797
2025-01-07,178.82262687965883,161.38032956516057
2025-01-08,178.225961573305,161.25132841733904
2025-01-09,176.3864076831906,160.14553212042827
2025-01-10,174.9122044562085,159.49886450937524
2025-01-13,172.57511959530913,157.14669084402303
2025-01-14,173.70609252968777,157.7600146563811
2025-01-15,173.95155078846244,158.01288509145985
2025-01-16,175.3833636317478,158.6840686374387
2025-01-17,175.84409379967246,157.94481481661217
2025-01-20,177.26686600152343,158.90835487507147
2025-01-21,175.06423828177034,156.72942803619202
2025-01-22,175.83441096706073,157.61910121046122
2025-01-23,176.77102621804605,157.95945258469953
2025-01-24,175.35568390404535,157.1892347658028
2025-01-27,174.1731808862831,155.39865416291966
2025-01-28,175.90097805244324,156.27063172472327
2025-01-29,177.43650836357827,157.67185567346806
2025-01-30,178.07202970186952,158.25998550714723
2025-01-31,179.50341914075645,160.0223275819491
2025-02-01,178.35350913863266,159.8436431104741
2025-02-03,176.65665402757512,159.0193147410634
2025-02-04,181.2476214917313,161.59372721781315
2025-02-05,181.19964193984717,161.30137070533254
2025-02-06,181.09825468986017,160.6686495236377
2025-02-07,180.96199193015556,160.3732218718036
2025-02-10,179.58363135128073,159.1591911788903
2025-02-11,177.02229645441292,157.05038204109385
2025-02-12,177.42840292739746,156.8696501433831
2025-02-13,177.8338964045475,156.77537547171423
2025-02-14,177.15214829628212,156.08003495514976
2025-02-17,178.6701196398305,156.285947536564
2025-02-18,178.29939990227203,156.18929306427057
2025-02-19,179.07581286218044,156.1048832644645
2025-02-20,178.3215875855883,155.9704444716403
2025-02-21,177.95597200007717,155.17232049905104
2025-02-24,175.84383485555983,153.52127066462998
2025-02-25,175.41553991205552,153.48179788220352
2025-02-27,175.63368604941414,153.46478031349162
2025-02-28,173.80152587719914,150.60343567428828
2025-03-03,172.9960210033926,150.56668836185116
2025-03-04,172.73690757622072,150.31720814553918
2025-03-05,173.68871779864915,152.05062035353077
2025-03-06,175.55081673801578,153.46238721789155
2025-03-07,176.6294765383873,153.51548735026284
2025-03-10,175.487343119797,152.88788473415738
2025-03-11,174.6661795230094,153.14382630858964
2025-03-12,175.84990229094666,152.95731109651177
2025-03-13,175.08716126444412,152.45835066388813
2025-03-17,175.9207886478067,153.2176798978043
2025-03-18,175.9207886478067,155.43371301346122
2025-03-19,179.79840745138276,155.9326601511094
2025-03-20,181.7317270662693,157.8593945986638
2025-03-21,183.00724626144302,158.94681723935554
2025-03-24,185.59225530293153,161.04303603530016
2025-03-25,185.9062838815944,161.11315373638354
2025-03-26,184.91060548565878,159.8756308216623
2025-03-27,186.8655592330954,160.59104675131627
2025-03-28,186.7086969466911,160.09685921491723
2025-04-01,183.16210760947519,157.6895512859334
2025-04-02,183.78346785275298,158.82394507526513
2025-04-03,184.14041753054133,158.26406706464294
2025-04-04,182.1407661459941,155.91121535553728
2025-04-07,175.62900966899056,150.85461764747154
2025-04-08,178.44443805502888,153.40214768364655
2025-04-09,177.84546476581667,152.4716323444686
2025-04-11,182.04314388024574,155.39457260542378
2025-04-15,186.25124478899343,158.79808634780846
2025-04-16,187.0776339264193,159.53765924804827
2025-04-17,191.3804756710013,162.3588397660963
2025-04-21,194.18451508366576,164.2232872531697
2025-04-22,194.93653696977583,164.5071349812945
2025-04-23,194.19736467889973,165.60782600759137
2025-04-24,194.36121510465003,165.04794799696927
2025-04-25,193.1343780041187,163.6365135069972
2025-04-28,196.91525388657803,165.6047681632134
2025-04-29,196.99634427505305,165.6554751999847
2025-04-30,195.66846329513,165.6435629018864
2025-05-02,195.22334785498253,165.72865074544595
2025-05-05,196.24330546689785,166.5077230180634
2025-05-06,195.74353102848576,165.9526046086902
2025-05-07,195.44279160932243,166.18949448315024
2025-05-08,194.5788802212457,165.23242907778683
2025-05-09,191.15517804574944,163.4231158543449
2025-05-12,198.94257710506506,169.66311263164283
2025-05-13,196.3711731613984,167.30550132128812
2025-05-14,196.4345717846536,167.9082689230545
2025-05-15,200.28351558252658,170.59840086704529
2025-05-16,200.01827126696224,170.31047158142496
2025-05-19,199.29880585186854,169.80435845195166
2025-05-20,197.07809714072556,168.02398839029576
2025-05-21,197.60597125569754,168.90583082396225
2025-05-22,196.3669590886105,167.5188989739404
2025-05-23,198.00154227193894,169.17607779209294
2025-05-26,199.12578518572758,170.1835178598388
2025-05-27,196.92308679783568,168.9926204243931
2025-05-28,195.99448669292755,168.49060214739134
2025-05-29,196.3767042794127,169.0429950867753
2025-05-30,196.49103143017774,168.47868984929295
2025-06-02,195.81523002903143,168.24657287105725
2025-06-03,194.4830608065518,167.06147204495426
2025-06-04,194.7859789133709,167.59037276253065
2025-06-05,195.99809139290434,168.48005923177521
2025-06-06,198.42710073963278,170.19645387105484
2025-06-09,198.9225125803786,170.87816703767425
2025-06-10,198.5093571210983,170.8853197345233
2025-06-11,198.9741713033592,171.13820346457766
2025-06-12,197.79781606567389,169.4146561284488
2025-06-13,195.82030359624486,168.26018692602707
2025-06-16,197.84458977457754,169.81151114880103
2025-06-17,196.84377577971193,169.17777954896417
2025-06-18,196.40340424350785,168.89631162146398
2025-06-19,196.52838960580837,168.76833418676003
2025-06-20,199.16662021049905,170.9407996675193
2025-06-23,198.22853564094174,169.9844123059093
2025-06-24,199.23373898620207,170.47757612919065
2025-06-25,201.02100072446282,171.84170709613355
2025-06-26,204.23631188075467,173.91274520837445
2025-06-27,205.8992010520327,174.51721456701227
2025-06-30,204.61809336047153,173.69526599822643
2025-07-01,205.66418158094652,173.86373992847436
2025-07-02,205.1195172669733,173.2619960398257
2025-07-03,204.30181983027157,172.93458067680345
2025-07-04,205.23647099889155,173.31372678971476
2025-07-07,205.18216132396097,173.3157742159505
2025-07-08,206.03132066104627,173.73235898002818
2025-07-09,205.5734442981189,173.4165102457397
2025-07-10,205.2261947020619,172.5938836332005
2025-07-11,203.6973195528768,171.19571752883377
2025-07-14,203.36500929156762,170.735910799223
2025-07-15,204.0841565048336,171.50850841874436
2025-07-16,204.05927928022342,171.61912261537185
2025-07-17,203.39811048371206,170.9343250144234
2025-07-18,202.1953616110173,169.9605877097126
2025-07-21,202.77083552822063,170.79307919411454
2025-07-22,201.9144142188642,170.59023775205378
2025-07-23,203.12820626905946,171.67255512213217
2025-07-24,201.71483928900517,170.59840086704529
2025-07-25,200.34827364657716,169.0661416392188
2025-07-28,200.25374840937067,168.00356730784137
2025-07-29,201.53957069081815,168.95790724321586
2025-07-30,201.52825628217118,169.1890138033092
2025-07-31,200.57070304544177,168.5988365433942
2025-08-01,199.37442663806462,167.21700996398602
2025-08-04,200.5787783129529,168.28843874908384
2025-08-05,199.5138195080815,167.79016965518906
2025-08-06,199.4029384413935,167.27724949823119
2025-08-07,199.611389693823,167.42667172850724
2025-08-08,197.61104396551642,165.84165803767377
2025-08-11,199.88553640631892,167.35111638242145
2025-08-12,198.82375485399083,166.68640748953837
2025-08-13,199.1938819242623,167.58458944816363
2025-08-14,199.42082076854157,167.6659414035919
2025-08-18,202.43783853045537,169.33807706924512
2025-08-19,203.32217489185217,170.04397379640096
2025-08-20,203.0666589568588,170.51978767658147
2025-08-21,203.7900318119147,170.7457756710856
2025-08-22,201.22158017838433,169.2914515899696
2025-08-25,201.31805327423305,169.95616048285223
2025-08-26,198.88261314968614,168.2156088729871
2025-08-28,197.41505962450555,166.77830236058284
2025-08-29,196.08921675229936,166.27423665734554
2025-09-01,197.14079465049502,167.62339748181213
2025-09-02,196.94984678357065,167.31401010564403
2025-09-03,198.3514854538884,168.2360299554413
2025-09-04,198.587430901794,168.36706523452327
2025-09-05,199.18765517346756,168.41266700068078
2025-09-08,199.96691234479792,168.6315155933114
2025-09-09,199.86565371722193,169.28124104874234
2025-09-10,200.09371340364132,169.99257542090072
2025-09-11,200.44929312195947,170.21312577040254
2025-09-12,201.57671329718903,170.95168825249996
2025-09-15,201.8717258360609,170.6467281031921
2025-09-16,202.9488839564618,171.8032447318495
2025-09-17,203.65121764497806,172.4237079460813
2025-09-18,204.4018620494553,173.05914130278936
2025-09-19,203.3207384773623,172.40193077612034
2025-09-22,202.64816212283245,171.55308647178427
2025-09-23,202.53090592405096,171.32947827790457
2025-09-24,201.38694207271658,170.56300964211462
2025-09-25,200.32583801654954,169.43269741027856
2025-09-26,199.06545260482076,167.82521521075512
2025-09-29,199.00058799633274,167.69044404354204
2025-09-30,199.25505393835095,167.52843147141422
2025-10-01,200.5811123033706,169.0613820379697
2025-10-03,200.758429002404,169.45584396272181
2025-10-06,202.33932679183505,170.7042554624235
2025-10-07,202.94872851568329,170.91289351382696
2025-10-08,202.37233824998526,170.48983409665354
2025-10-09,203.44992455769128,171.41321003395757
2025-10-10,203.84530432788716,172.11806975302
2025-10-13,203.2293912716724,171.72326215890345
2025-10-14,202.27316820580364,171.16610961826999
2025-10-15,203.91981505556313,172.37810617992355
2025-10-16,205.99005739450078,174.1598456240618
2025-10-17,207.13637231563257,175.00765292030457
2025-10-20,208.92593460145386,175.91503500201478
2025-10-21,209.15915132899096,176.08826853351175
2025-10-23,209.1114759310957,176.24347407815483
2025-10-24,208.37060817568957,175.58829768274563
2025-10-27,210.57672808387323,176.7516213388879
2025-10-28,210.3192051817194,176.54842093248698
2025-10-29,211.4302576136947,177.34961604442978
2025-10-30,210.02751936760643,176.1512335377458
2025-10-31,209.35047097753903,175.09103900699293
2025-11-03,208.83913715162515,175.3718288907397
2025-11-04,207.29593964851176,174.24390975450368
2025-11-06,206.90317883606895,173.64522371023304
2025-11-07,206.33781004720788,173.52679206797833
2025-11-10,207.32923466911012,174.0853006961185
2025-11-11,207.84791486921299,174.90622555178638
2025-11-12,209.4552810929432,176.13728710838748
2025-11-13,209.79202540574397,176.16008799146644
2025-11-14,209.99366688448356,176.37042779974078
2025-11-17,210.67362616250134,177.07426380568558
2025-11-18,210.11145078399394,176.37042779974078
2025-11-19,211.0164776043731,177.34110726007378
2025-11-20,212.902437864159,178.2906875941993
2025-11-21,211.86783224440072,177.44661618608785
2025-11-24,210.82986522746222,176.70702999087257
2025-11-25,210.1450604903516,176.19855035575034
2025-11-26,212.999206528391,178.38020266461908
2025-11-27,212.85920058185508,178.4499746963378
2025-11-28,212.63409978293723,178.36419551404921
2025-12-01,212.4263158037758,178.17904968445393
2025-12-02,210.9925890935815,177.20189557102498
2025-12-03,211.18111857868215,176.88741621921878
2025-12-04,211.73234217769433,177.21245178161658
2025-12-05,213.08188343889896,178.25187956055083
2025-12-08,211.88040146437248,176.7141826877216
2025-12-09,210.83578603302846,175.89121040581807
2025-12-10,210.34614017222037,175.3354139526913
2025-12-11,211.09903993549887,176.29214698366613
2025-12-12,212.5676514674695,177.3022992264252
2025-12-15,212.2314899475587,177.16855177233012
2025-12-16,210.60950337735,176.03040879989126
2025-12-17,210.33773378162337,175.74758478488442
2025-12-18,210.57272294794407,175.72716370243023
2025-12-19,211.69865384135193,176.75400113951235
2025-12-22,213.12634583988364,178.15624880137509
2025-12-23,213.38382045401846,178.18858218192764
2025-12-24,213.14436017166494,177.9499905505964
2025-12-26,212.25549114361274,177.27065718460148
2025-12-29,211.32750932440425,176.58858505364245
2025-12-30,211.34247558007263,176.56646221431694
